{"type":"FeatureCollection", "features": [
{"type":"Feature","geometry":{"type":"MultiPolygon","coordinates":[[[[140.1972,41.3978],[140.2161,41.4101],[140.2581,41.4802],[140.3744,41.5165],[140.4092,41.517],[140.4331,41.5417],[140.4289,41.6066],[140.4418,41.6811],[140.4552,41.6945],[140.527,41.7005],[140.562,41.7281],[140.6018,41.7427],[140.6227,41.8051],[140.6551,41.821],[140.7018,41.8154],[140.7237,41.7952],[140.7242,41.7737],[140.7052,41.7803],[140.6926,41.7645],[140.704,41.74],[140.7381,41.7685],[140.79,41.7732],[140.836,41.759],[140.8532,41.7599],[140.9272,41.7384],[140.9683,41.7101],[141.0697,41.7392],[141.108,41.784],[141.156,41.7846],[141.186,41.8024],[141.1779,41.8208],[141.1482,41.8299],[141.134,41.8582],[141.0778,41.886],[141.033,41.8954],[141.0199,41.8916],[140.9612,41.9152],[140.9367,41.9378],[140.9086,41.9832],[140.8755,42.007],[140.8214,42.0342],[140.8032,42.0579],[140.8023,42.077],[140.7698,42.0909],[140.762,42.1141],[140.706,42.1379],[140.6836,42.1255],[140.6544,42.1282],[140.5794,42.1082],[140.5486,42.1135],[140.5144,42.1294],[140.4996,42.146],[140.463,42.1661],[140.456,42.1777],[140.4105,42.2011],[140.3877,42.2222],[140.3482,42.2248],[140.2956,42.244],[140.2762,42.2794],[140.2772,42.3205],[140.295,42.378],[140.3287,42.4423],[140.3727,42.5036],[140.4414,42.5675],[140.4759,42.5891],[140.4933,42.5838],[140.5384,42.5871],[140.5671,42.5702],[140.6385,42.5852],[140.6954,42.5865],[140.7586,42.5512],[140.7775,42.5289],[140.7833,42.5009],[140.7985,42.4999],[140.8342,42.4734],[140.87,42.4616],[140.9016,42.4152],[140.9087,42.3768],[140.9364,42.3633],[140.9823,42.3562],[140.9842,42.3268],[140.9506,42.3452],[140.9319,42.3383],[140.9435,42.3192],[141.002,42.301],[141.0235,42.3327],[141.0765,42.3818],[141.1556,42.4403],[141.206,42.4534],[141.2803,42.5024],[141.3398,42.5371],[141.4618,42.5925],[141.5292,42.6128],[141.6242,42.6304],[141.6954,42.6574],[141.6311,42.6281],[141.7165,42.6274],[141.7873,42.6151],[141.7812,42.6069],[141.8172,42.6057],[141.9038,42.5774],[141.9186,42.56],[141.9622,42.5356],[142.0273,42.4851],[142.0711,42.4774],[142.0746,42.4703],[142.1412,42.466],[142.1916,42.4493],[142.2249,42.4175],[142.266,42.3906],[142.2779,42.3759],[142.4065,42.3085],[142.4469,42.3029],[142.476,42.2743],[142.5074,42.2671],[142.5513,42.2476],[142.5852,42.2432],[142.6321,42.2204],[142.6707,42.1915],[142.7609,42.1744],[142.7731,42.1615],[142.8144,42.1417],[142.8759,42.1323],[142.909,42.1322],[142.9661,42.1178],[143.0088,42.0831],[143.0617,42.0652],[143.1343,42.0278],[143.1609,41.9968],[143.1636,41.9827],[143.2201,41.9476],[143.2439,41.9241],[143.2443,41.9663],[143.2595,42.0039],[143.31,42.0475],[143.3081,42.0801],[143.3226,42.1173],[143.3228,42.1568],[143.3359,42.2018],[143.319,42.2126],[143.3082,42.2435],[143.33,42.3194],[143.3559,42.3662],[143.4366,42.481],[143.5215,42.5708],[143.5776,42.6242],[143.6317,42.6699],[143.8951,42.8599],[143.9617,42.8984],[144.0388,42.9375],[144.0889,42.9525],[144.1815,42.9878],[144.2743,43.0038],[144.3498,42.998],[144.3717,42.9856],[144.3746,42.9675],[144.4856,42.9394],[144.5318,42.9511],[144.6306,42.9514],[144.6732,42.9404],[144.7372,42.9335],[144.7856,42.9367],[144.7244,42.9738],[144.7239,42.9904],[144.7452,43.0232],[144.7771,43.0511],[144.8233,43.0587],[144.8543,43.0487],[144.8351,43.0325],[144.8336,43.0155],[144.8808,42.9847],[144.9264,42.9898],[144.9736,42.9815],[145.0244,43.0002],[145.0316,43.0296],[145.0858,43.0449],[145.0871,43.0655],[145.1051,43.0795],[145.1492,43.0698],[145.1621,43.084],[145.1188,43.0807],[145.1097,43.0987],[145.122,43.1322],[145.1672,43.1499],[145.1879,43.1385],[145.2177,43.1394],[145.2442,43.1572],[145.2971,43.1727],[145.3163,43.1675],[145.3409,43.1784],[145.4212,43.1879],[145.4761,43.1887],[145.5035,43.1691],[145.5135,43.1903],[145.5287,43.1861],[145.5329,43.2114],[145.5565,43.2188],[145.5531,43.2349],[145.5658,43.2809],[145.5893,43.2779],[145.6096,43.3104],[145.6384,43.321],[145.6765,43.3196],[145.7055,43.3339],[145.7549,43.3388],[145.811,43.3677],[145.8158,43.3858],[145.7857,43.3863],[145.7561,43.3988],[145.7213,43.3831],[145.6507,43.3915],[145.6233,43.3631],[145.5989,43.3552],[145.5654,43.326],[145.5223,43.307],[145.4928,43.2666],[145.4337,43.2854],[145.3964,43.291],[145.347,43.3253],[145.3087,43.3578],[145.2707,43.4167],[145.238,43.5402],[145.2221,43.5579],[145.2188,43.5876],[145.1954,43.5995],[145.1941,43.621],[145.2096,43.6232],[145.235,43.6149],[145.2669,43.6104],[145.2627,43.6007],[145.2806,43.5921],[145.3072,43.6006],[145.3409,43.5793],[145.3265,43.5622],[145.2883,43.5598],[145.323,43.5501],[145.3448,43.5579],[145.3456,43.58],[145.3277,43.5958],[145.3022,43.6041],[145.2472,43.6147],[145.1575,43.641],[145.1362,43.6534],[145.1209,43.6859],[145.0918,43.7278],[145.069,43.7482],[145.0611,43.8059],[145.0837,43.8209],[145.0985,43.8613],[145.0939,43.89],[145.1188,43.9235],[145.1299,43.9501],[145.1551,43.9825],[145.2049,44.0294],[145.2226,44.0371],[145.245,44.0683],[145.24,44.0892],[145.2639,44.1382],[145.2924,44.156],[145.3288,44.1913],[145.3482,44.223],[145.3474,44.2413],[145.3664,44.2644],[145.329,44.3451],[145.3063,44.3124],[145.2254,44.2479],[145.1915,44.195],[145.1267,44.1656],[145.1188,44.1558],[145.0091,44.0945],[144.9972,44.0726],[144.9336,44.0409],[144.9147,44.0081],[144.8804,43.9854],[144.8487,43.9737],[144.8353,43.9525],[144.796,43.9319],[144.7194,43.92],[144.6038,43.9176],[144.5313,43.9236],[144.4258,43.9403],[144.3659,43.9548],[144.3002,43.9815],[144.2821,44.011],[144.2889,44.018],[144.2549,44.0393],[144.257,44.0863],[144.2501,44.1094],[144.2213,44.1025],[144.179,44.1047],[144.1202,44.1162],[144.0993,44.1262],[144.0743,44.1238],[143.9999,44.1337],[143.8943,44.1546],[143.7819,44.1815],[143.6295,44.2281],[143.5159,44.2677],[143.4115,44.3095],[143.3651,44.3375],[143.3489,44.3704],[143.2336,44.4219],[143.2141,44.4406],[143.0977,44.4991],[142.9942,44.5577],[142.9553,44.5983],[142.8628,44.6751],[142.793,44.717],[142.7392,44.7598],[142.6749,44.8356],[142.6621,44.8384],[142.6324,44.8873],[142.6143,44.8937],[142.5864,44.9215],[142.5899,44.9396],[142.578,44.9616],[142.5449,44.9863],[142.5317,45.0123],[142.5341,45.0286],[142.5078,45.04],[142.5039,45.0595],[142.4822,45.0614],[142.4186,45.111],[142.2845,45.2257],[142.1661,45.3421],[142.0632,45.3936],[142.042,45.4089],[142.0188,45.4536],[141.9928,45.4627],[141.9686,45.4841],[141.9614,45.5105],[141.9365,45.523],[141.8935,45.5089],[141.8791,45.4946],[141.8783,45.4609],[141.8635,45.4395],[141.8384,45.4221],[141.7956,45.4065],[141.7708,45.4039],[141.7458,45.4133],[141.7403,45.401],[141.7161,45.3963],[141.6853,45.41],[141.645,45.4497],[141.6342,45.4206],[141.638,45.3913],[141.6569,45.37],[141.6519,45.345],[141.6155,45.3107],[141.6199,45.2952],[141.609,45.2722],[141.574,45.2387],[141.5684,45.2051],[141.5911,45.1468],[141.6492,45.0555],[141.6977,44.9701],[141.7319,44.8999],[141.7547,44.836],[141.7752,44.7657],[141.7919,44.6616],[141.7874,44.5867],[141.7675,44.5557],[141.7585,44.4624],[141.7361,44.4154],[141.7095,44.3914],[141.6788,44.3327],[141.647,44.3121],[141.658,44.2422],[141.6583,44.1618],[141.6532,44.1425],[141.6621,44.0784],[141.6623,44.0234],[141.6285,43.924],[141.5974,43.8843],[141.5586,43.8581],[141.5193,43.8589],[141.4936,43.8362],[141.4575,43.8357],[141.3875,43.8063],[141.372,43.7918],[141.3624,43.7628],[141.3301,43.7255],[141.3311,43.7076],[141.3495,43.6675],[141.3522,43.6412],[141.3828,43.6046],[141.379,43.564],[141.3602,43.5366],[141.3595,43.5185],[141.3922,43.4769],[141.4275,43.4215],[141.4317,43.3891],[141.4234,43.3281],[141.4062,43.3069],[141.3303,43.2313],[141.2896,43.2085],[141.2622,43.1837],[141.2217,43.1638],[141.1621,43.1439],[141.0888,43.1713],[141.0402,43.179],[141.0043,43.2009],[141.0209,43.2228],[141.0169,43.2381],[140.9785,43.2393],[140.9269,43.2264],[140.9135,43.2108],[140.8764,43.2053],[140.8549,43.2164],[140.8496,43.1987],[140.7908,43.1953],[140.7741,43.2054],[140.7772,43.2245],[140.7397,43.2336],[140.7175,43.249],[140.6462,43.2629],[140.63,43.2947],[140.6068,43.2957],[140.5789,43.3105],[140.5034,43.3702],[140.4828,43.3757],[140.4595,43.3443],[140.424,43.3289],[140.4061,43.3354],[140.3486,43.3323],[140.3552,43.3017],[140.3247,43.221],[140.359,43.1804],[140.4295,43.1424],[140.4644,43.0849],[140.4858,43.076],[140.5127,43.0311],[140.5291,43.0284],[140.519,42.9886],[140.4159,42.9415],[140.3759,42.901],[140.3466,42.8577],[140.3088,42.831],[140.3044,42.7775],[140.2459,42.7682],[140.2381,42.7923],[140.187,42.8267],[140.147,42.7712],[140.1443,42.7546],[140.0733,42.7277],[140.0652,42.7068],[140.0362,42.6896],[139.9891,42.6921],[139.9253,42.6882],[139.8685,42.6656],[139.8426,42.6267],[139.8221,42.6101],[139.8466,42.5256],[139.8426,42.5117],[139.8529,42.4657],[139.836,42.4055],[139.7961,42.3563],[139.781,42.3529],[139.7671,42.3025],[139.7857,42.275],[139.7749,42.262],[139.7998,42.2289],[139.8534,42.2164],[139.882,42.2044],[139.9224,42.1322],[139.9916,42.1278],[140.0236,42.1146],[140.0573,42.0826],[140.072,42.0544],[140.0987,42.0292],[140.1033,42.0077],[140.1192,42.004],[140.1328,41.9749],[140.141,41.9144],[140.1239,41.828],[140.1088,41.8049],[140.07,41.8045],[140.0705,41.7674],[140.0554,41.7429],[140.0085,41.6911],[140.0026,41.6519],[139.9821,41.6004],[139.9915,41.5434],[140.0169,41.4992],[140.0275,41.4627],[140.0866,41.4199],[140.1279,41.4308],[140.1594,41.422],[140.1972,41.3978]]],[[[141.2931,44.4167],[141.3196,44.4156],[141.3356,44.4323],[141.3269,44.4424],[141.2931,44.4167]]],[[[139.3393,41.5],[139.3831,41.5076],[139.3759,41.5225],[139.3419,41.5252],[139.3393,41.5]]],[[[146.625,43.7283],[146.6486,43.7106],[146.6762,43.7074],[146.6831,43.7333],[146.7017,43.7468],[146.7214,43.7336],[146.7492,43.7549],[146.7821,43.7568],[146.8104,43.7921],[146.8349,43.7819],[146.848,43.7881],[146.8261,43.8011],[146.879,43.8146],[146.8983,43.8058],[146.9028,43.8301],[146.9198,43.8374],[146.8831,43.8547],[146.852,43.8826],[146.8251,43.8903],[146.8135,43.8677],[146.7929,43.8799],[146.7198,43.8437],[146.7482,43.8284],[146.7209,43.8323],[146.6098,43.8203],[146.585,43.8027],[146.6076,43.7679],[146.5856,43.7443],[146.6063,43.7395],[146.6121,43.7571],[146.625,43.7283]]],[[[139.4246,42.0833],[139.4212,42.0712],[139.4441,42.0635],[139.4809,42.0716],[139.4961,42.0831],[139.5195,42.138],[139.5171,42.1764],[139.5456,42.2036],[139.5609,42.229],[139.5576,42.2525],[139.537,42.2331],[139.4357,42.216],[139.4066,42.1782],[139.4211,42.1408],[139.4246,42.0833]]],[[[145.8992,43.4167],[145.9195,43.4268],[145.9539,43.4255],[145.934,43.4416],[145.95,43.4543],[145.8979,43.4486],[145.8892,43.46],[145.8635,43.4568],[145.8961,43.4471],[145.8992,43.4167]]],[[[141.0035,45.3333],[141.0267,45.2962],[141.0254,45.274],[141.0465,45.2782],[141.0566,45.3193],[141.0493,45.3406],[141.0589,45.3515],[141.0566,45.4085],[141.067,45.4225],[141.0495,45.4507],[140.9985,45.435],[140.9708,45.459],[140.994,45.4203],[140.9827,45.3831],[141.0035,45.3333]]],[[[141.2377,45.097],[141.2755,45.1106],[141.3295,45.1491],[141.3246,45.1837],[141.3099,45.2072],[141.269,45.2359],[141.2341,45.2339],[141.194,45.2592],[141.1324,45.2135],[141.1425,45.1939],[141.141,45.1622],[141.1657,45.1375],[141.2377,45.097]]],[[[141.3815,44.4332],[141.4158,44.4277],[141.4263,44.4465],[141.3815,44.4332]]],[[[146.0271,43.4167],[146.042,43.4018],[146.0624,43.417],[146.0864,43.4154],[146.1066,43.4317],[146.0982,43.4481],[146.0876,43.4262],[146.0579,43.4222],[146.0475,43.4302],[146.0271,43.4167]]],[[[146.0961,43.5],[146.1174,43.4726],[146.1155,43.4585],[146.1877,43.4835],[146.1784,43.5018],[146.2037,43.5339],[146.1615,43.5348],[146.1349,43.549],[146.0612,43.5246],[146.0961,43.5]]],[[[145.5357,43.6667],[145.5543,43.6703],[145.5604,43.7242],[145.5715,43.77],[145.5754,43.8412],[145.5849,43.8621],[145.6041,43.868],[145.6436,43.9058],[145.7145,43.911],[145.7652,43.932],[145.7892,43.9486],[145.788,43.9687],[145.8106,44.0128],[145.8324,44.0306],[145.8661,44.0292],[145.871,44.07],[145.89,44.0939],[145.9029,44.0943],[145.9061,44.1209],[145.9453,44.1529],[145.966,44.1528],[145.98,44.1687],[146.0244,44.1771],[146.0549,44.1942],[146.0482,44.2],[146.0653,44.2308],[146.1046,44.2594],[146.1689,44.2714],[146.1958,44.2689],[146.2961,44.2757],[146.3021,44.2856],[146.3649,44.318],[146.3661,44.3382],[146.3885,44.3594],[146.4267,44.3747],[146.4535,44.3771],[146.4844,44.3534],[146.5337,44.3803],[146.5514,44.4271],[146.5709,44.4513],[146.5087,44.4264],[146.4464,44.4188],[146.3975,44.422],[146.3377,44.4174],[146.2833,44.4345],[146.2395,44.4554],[146.226,44.4821],[146.1986,44.4913],[146.1656,44.5166],[146.1293,44.5079],[146.0817,44.4741],[146.0509,44.4176],[146.0099,44.3716],[145.9879,44.3188],[145.9357,44.2788],[145.8858,44.2477],[145.8552,44.2018],[145.8178,44.1658],[145.7877,44.1488],[145.744,44.1042],[145.7476,44.0608],[145.736,44.0469],[145.6753,44.0246],[145.6764,44.0117],[145.655,44.004],[145.5942,43.9678],[145.5827,43.9473],[145.535,43.9314],[145.5339,43.9216],[145.4856,43.9048],[145.4634,43.8893],[145.4409,43.8505],[145.4069,43.8425],[145.4083,43.8206],[145.4261,43.7802],[145.4182,43.7518],[145.4334,43.7209],[145.4915,43.733],[145.5506,43.7308],[145.5357,43.6667]]],[[[146.275,43.6247],[146.3568,43.6176],[146.3506,43.64],[146.3169,43.65],[146.2938,43.629],[146.275,43.6247]]],[[[146.875,44.4383],[146.9078,44.4286],[146.9471,44.4258],[146.9832,44.4448],[147.0052,44.4899],[147.0278,44.5185],[147.0747,44.5557],[147.1091,44.5689],[147.1544,44.5601],[147.2124,44.5774],[147.2596,44.6134],[147.2653,44.6367],[147.3361,44.7149],[147.3695,44.7233],[147.3849,44.7457],[147.4625,44.7799],[147.4862,44.7812],[147.516,44.8127],[147.5503,44.8161],[147.5969,44.8533],[147.5982,44.865],[147.6509,44.9244],[147.611,44.9397],[147.6169,44.9608],[147.6497,44.9915],[147.6857,45.0052],[147.7262,45.0028],[147.7275,44.981],[147.7435,44.9661],[147.7848,44.9477],[147.8507,44.9654],[147.9042,44.961],[147.9519,44.9962],[147.9808,45.0022],[148.0083,45.0355],[148.0996,45.1126],[148.1675,45.1469],[148.1927,45.1491],[148.2402,45.1839],[148.2594,45.1846],[148.2835,45.2051],[148.3241,45.2222],[148.4033,45.2332],[148.4424,45.2535],[148.492,45.2567],[148.5144,45.2785],[148.5737,45.3165],[148.6219,45.3309],[148.74,45.3376],[148.7767,45.3226],[148.8177,45.3381],[148.8394,45.3362],[148.8432,45.3548],[148.8755,45.3878],[148.8523,45.4195],[148.8286,45.4283],[148.8318,45.4595],[148.8773,45.4761],[148.8905,45.4869],[148.8928,45.5096],[148.8744,45.5312],[148.8108,45.5527],[148.7522,45.5551],[148.7101,45.5416],[148.6517,45.5373],[148.6391,45.5088],[148.6068,45.4914],[148.5782,45.4894],[148.5594,45.461],[148.5207,45.4473],[148.5122,45.4321],[148.4862,45.4205],[148.4703,45.4],[148.48,45.3862],[148.4552,45.3702],[148.4589,45.3595],[148.4255,45.3459],[148.3931,45.3205],[148.3518,45.3066],[148.3399,45.289],[148.2718,45.272],[148.1664,45.2586],[148.1036,45.2567],[148.0387,45.2663],[148.0168,45.2796],[147.9968,45.3237],[148.0048,45.3352],[147.984,45.3509],[147.9652,45.3954],[147.964,45.4203],[147.9255,45.438],[147.9043,45.4302],[147.8773,45.4068],[147.8492,45.367],[147.8571,45.3186],[147.8723,45.2957],[147.8664,45.2645],[147.8816,45.2508],[147.8723,45.2292],[147.8424,45.207],[147.8269,45.2174],[147.7794,45.209],[147.7658,45.195],[147.7349,45.1937],[147.7268,45.1753],[147.7063,45.1676],[147.6919,45.1331],[147.6977,45.1041],[147.6895,45.0947],[147.6382,45.0753],[147.5783,45.0874],[147.5555,45.1099],[147.5367,45.1058],[147.5086,45.1177],[147.4954,45.1099],[147.5268,45.0989],[147.532,45.0852],[147.5234,45.0358],[147.5112,45.0262],[147.5174,45],[147.4534,44.9717],[147.4191,44.9383],[147.3831,44.9115],[147.2633,44.8642],[147.2635,44.8487],[147.2423,44.8081],[147.1929,44.7972],[147.1696,44.8188],[147.1326,44.8298],[147.1072,44.8221],[147.1009,44.8014],[147.1257,44.7705],[147.1901,44.7652],[147.2002,44.7421],[147.1789,44.6881],[147.1079,44.6416],[147.0739,44.6371],[147.0613,44.6539],[147.0284,44.6622],[147.0039,44.6555],[147.0332,44.6386],[147.0264,44.5986],[146.9916,44.5751],[146.9595,44.5945],[146.9484,44.6303],[146.932,44.5801],[146.954,44.556],[146.9212,44.5241],[146.897,44.5203],[146.8764,44.4998],[146.859,44.4563],[146.875,44.4383]]]]},"properties":{"name":"北海道"}},
{"type":"Feature","geometry":{"type":"Polygon","coordinates":[[[139.9363,40.4282],[139.9735,40.4266],[139.9951,40.435],[140.0165,40.4211],[140.0202,40.4466],[140.054,40.4678],[140.0785,40.4669],[140.1076,40.4359],[140.1514,40.435],[140.1804,40.4411],[140.2202,40.4311],[140.2501,40.443],[140.2989,40.4463],[140.3095,40.4366],[140.3391,40.4411],[140.3434,40.4617],[140.387,40.4871],[140.4021,40.475],[140.4373,40.4785],[140.4397,40.4504],[140.4776,40.4531],[140.5085,40.4285],[140.5279,40.4313],[140.5322,40.4113],[140.5687,40.4004],[140.5532,40.42],[140.5887,40.4302],[140.6256,40.4241],[140.6537,40.4036],[140.7161,40.4276],[140.7336,40.4158],[140.7341,40.4397],[140.7868,40.4572],[140.8051,40.45],[140.8106,40.4871],[140.845,40.5074],[140.8801,40.5102],[140.8613,40.4406],[140.8923,40.4234],[140.942,40.4302],[140.9852,40.4272],[140.9788,40.416],[140.9954,40.3534],[140.9686,40.3375],[140.9576,40.3065],[140.944,40.2963],[140.9576,40.282],[140.9457,40.2581],[140.9551,40.2476],[140.9801,40.2196],[141.0158,40.218],[141.0764,40.2526],[141.1101,40.2611],[141.0998,40.2802],[141.172,40.3098],[141.2187,40.3153],[141.2624,40.3495],[141.2923,40.3517],[141.3159,40.3726],[141.3363,40.3602],[141.351,40.3311],[141.3766,40.3389],[141.3975,40.3673],[141.407,40.3572],[141.434,40.3737],[141.4805,40.3761],[141.5152,40.3535],[141.539,40.348],[141.5868,40.3807],[141.5812,40.3984],[141.5951,40.4121],[141.6313,40.4203],[141.6699,40.4372],[141.6826,40.4503],[141.6492,40.4702],[141.6316,40.4938],[141.5917,40.519],[141.576,40.5429],[141.5534,40.5306],[141.5243,40.5296],[141.5013,40.5552],[141.4836,40.5613],[141.4479,40.6388],[141.4281,40.6953],[141.4072,40.7873],[141.3919,40.8934],[141.3948,40.9242],[141.3868,40.9435],[141.3856,41.0218],[141.3984,41.1004],[141.3884,41.1539],[141.4049,41.2385],[141.4424,41.3573],[141.4592,41.3792],[141.4532,41.3944],[141.4685,41.4192],[141.4614,41.4312],[141.4041,41.3842],[141.3343,41.3562],[141.2969,41.3505],[141.2636,41.356],[141.2102,41.3764],[141.1365,41.4342],[141.1127,41.4629],[141.0584,41.4831],[141.0027,41.4855],[140.9107,41.5449],[140.8973,41.5258],[140.909,41.4945],[140.8667,41.4365],[140.8383,41.42],[140.8204,41.3461],[140.7988,41.3208],[140.8063,41.3142],[140.7957,41.2789],[140.7799,41.2534],[140.785,41.2301],[140.7642,41.1952],[140.7643,41.1478],[140.7832,41.1313],[140.8115,41.1277],[140.8253,41.1454],[140.877,41.1669],[140.9122,41.1751],[140.9452,41.1739],[140.969,41.1942],[141.0096,41.1975],[141.0582,41.1834],[141.0721,41.1987],[141.1133,41.2134],[141.1519,41.2408],[141.1345,41.24],[141.16,41.2782],[141.1983,41.272],[141.2338,41.2414],[141.2597,41.2057],[141.2791,41.1583],[141.2723,41.1348],[141.2549,41.1207],[141.2421,41.0833],[141.2409,41.0417],[141.2197,40.9685],[141.1896,40.9179],[141.161,40.8882],[141.1321,40.8726],[141.1033,40.8725],[141.0642,40.9133],[141.0433,40.9148],[140.9975,40.937],[140.9707,40.936],[140.9821,40.9614],[140.9487,40.9924],[140.9178,40.9943],[140.9032,41.0079],[140.8801,41.0081],[140.8635,40.9847],[140.859,40.956],[140.8702,40.946],[140.8651,40.9039],[140.8448,40.8728],[140.7891,40.8338],[140.7357,40.8312],[140.6919,40.8604],[140.6769,40.8895],[140.6588,40.9564],[140.6556,40.987],[140.6316,41.1014],[140.6437,41.1724],[140.6067,41.2123],[140.5497,41.2276],[140.5269,41.2212],[140.5194,41.2054],[140.4822,41.1833],[140.4325,41.1959],[140.3967,41.2345],[140.3451,41.2629],[140.329,41.2191],[140.3356,41.1931],[140.328,41.16],[140.2957,41.1311],[140.257,41.1407],[140.2501,41.1237],[140.2977,41.1141],[140.3195,41.0927],[140.3241,41.0557],[140.3193,41.002],[140.3021,40.9171],[140.2691,40.8296],[140.2394,40.7893],[140.2034,40.7855],[140.1423,40.7502],[140.1117,40.7418],[140.0529,40.7692],[140.0006,40.7397],[139.9632,40.6817],[139.9388,40.6711],[139.9226,40.6444],[139.8609,40.616],[139.8686,40.5844],[139.9184,40.5858],[139.9402,40.5527],[139.9499,40.4938],[139.9363,40.4282]]]},"properties":{"name":"青森県"}},
{"type":"Feature","geometry":{"type":"Polygon","coordinates":[[[140.9551,40.2476],[140.941,40.2269],[140.9055,40.2221],[140.8924,40.1923],[140.8603,40.1733],[140.8824,40.1508],[140.8672,40.1306],[140.8773,40.0981],[140.8445,40.0746],[140.8554,40.0467],[140.8504,40.0317],[140.8481,39.9584],[140.8547,39.9233],[140.8681,39.9117],[140.878,39.8744],[140.8529,39.8658],[140.8285,39.8848],[140.7995,39.8817],[140.7822,39.8678],[140.783,39.8312],[140.8416,39.8049],[140.8483,39.7933],[140.8195,39.7719],[140.7975,39.7412],[140.7748,39.7346],[140.8226,39.6879],[140.8202,39.6528],[140.805,39.6128],[140.7825,39.6041],[140.7543,39.5707],[140.7304,39.5658],[140.7382,39.5231],[140.7133,39.4941],[140.7244,39.4805],[140.6895,39.4648],[140.677,39.4484],[140.6811,39.4184],[140.6582,39.4141],[140.6532,39.3908],[140.679,39.3832],[140.6986,39.3284],[140.6936,39.2996],[140.7173,39.2965],[140.7178,39.2726],[140.7887,39.2384],[140.7705,39.2235],[140.7648,39.1978],[140.7974,39.19],[140.8079,39.1784],[140.7739,39.1676],[140.7497,39.1404],[140.77,39.1242],[140.7529,39.086],[140.8,39.0765],[140.8098,39.058],[140.7788,39.0084],[140.7644,39.0004],[140.7736,38.9581],[140.8241,38.9641],[140.8854,38.927],[140.9104,38.9274],[140.9615,38.9057],[140.9898,38.8743],[141.0207,38.8864],[141.0435,38.8766],[141.0933,38.8879],[141.108,38.8777],[141.1395,38.8775],[141.1468,38.8563],[141.1045,38.8233],[141.1399,38.8143],[141.1401,38.7886],[141.1675,38.7785],[141.181,38.7845],[141.2061,38.7695],[141.2158,38.7485],[141.2548,38.7597],[141.2725,38.797],[141.3045,38.7935],[141.3066,38.819],[141.3347,38.8069],[141.3496,38.8123],[141.3938,38.7998],[141.4149,38.7862],[141.4097,38.7679],[141.438,38.7831],[141.4294,38.8106],[141.4591,38.8152],[141.4498,38.8374],[141.4639,38.853],[141.4507,38.8751],[141.4891,38.907],[141.4905,38.9432],[141.4836,38.9783],[141.4924,38.999],[141.5231,38.9913],[141.567,38.996],[141.6317,38.9707],[141.6221,38.9939],[141.6403,39.007],[141.6827,38.9966],[141.6661,38.9817],[141.6885,38.965],[141.7,38.9389],[141.7264,38.9553],[141.6983,38.976],[141.7166,38.9816],[141.7124,38.9975],[141.7419,38.9858],[141.7441,38.9963],[141.71,39.0234],[141.7249,39.0407],[141.7297,39.0709],[141.7385,39.0386],[141.7279,39.0284],[141.7495,39.0198],[141.7962,39.0432],[141.7969,39.0255],[141.853,39.0291],[141.8178,39.0493],[141.8154,39.0592],[141.8663,39.0598],[141.8704,39.0719],[141.8253,39.0746],[141.8095,39.1022],[141.8208,39.1138],[141.8903,39.0899],[141.9179,39.1047],[141.9004,39.1201],[141.8721,39.1167],[141.8727,39.1301],[141.837,39.1445],[141.8455,39.1553],[141.8874,39.1558],[141.9223,39.1846],[141.8934,39.1815],[141.8663,39.1918],[141.8707,39.207],[141.8901,39.1978],[141.9232,39.2206],[141.9544,39.2224],[141.9449,39.2424],[141.9027,39.2529],[141.8882,39.2732],[141.9277,39.267],[141.9215,39.28],[141.8869,39.302],[141.9454,39.3159],[141.9702,39.313],[141.9949,39.3508],[141.976,39.3375],[141.9558,39.3404],[141.9164,39.3243],[141.8961,39.3321],[141.916,39.3561],[141.9391,39.3483],[141.9574,39.356],[141.9647,39.3785],[141.9484,39.3704],[141.938,39.3848],[141.981,39.4269],[141.9824,39.4086],[142.0443,39.4258],[142.0386,39.4467],[142.0614,39.4714],[142.0351,39.4824],[141.9795,39.439],[141.9633,39.4476],[141.9559,39.4751],[141.9913,39.4837],[142.0118,39.4795],[142.0377,39.5316],[142.0719,39.5452],[142.0576,39.5743],[142.0289,39.5756],[142.0163,39.6541],[141.9578,39.5857],[141.9453,39.5986],[141.9636,39.6111],[141.9715,39.6617],[141.9853,39.6869],[141.9696,39.6871],[141.9862,39.7134],[141.9718,39.7288],[141.9954,39.751],[142.0042,39.775],[141.9841,39.7883],[141.9906,39.82],[141.9729,39.8519],[141.9709,39.8849],[141.9552,39.8911],[141.9397,39.9196],[141.9453,39.946],[141.9601,39.9472],[141.9559,39.9836],[141.9353,40.0097],[141.8995,40.0152],[141.8785,40.0471],[141.8515,40.0554],[141.8332,40.0748],[141.8257,40.1013],[141.8487,40.1348],[141.8758,40.1435],[141.8601,40.164],[141.7936,40.195],[141.8075,40.2154],[141.8315,40.2217],[141.8161,40.2718],[141.7858,40.3143],[141.7551,40.3679],[141.7213,40.3983],[141.6826,40.4503],[141.6699,40.4372],[141.6313,40.4203],[141.5951,40.4121],[141.5812,40.3984],[141.5868,40.3807],[141.539,40.348],[141.5152,40.3535],[141.4805,40.3761],[141.434,40.3737],[141.407,40.3572],[141.3975,40.3673],[141.3766,40.3389],[141.351,40.3311],[141.3363,40.3602],[141.3159,40.3726],[141.2923,40.3517],[141.2624,40.3495],[141.2187,40.3153],[141.172,40.3098],[141.0998,40.2802],[141.1101,40.2611],[141.0764,40.2526],[141.0158,40.218],[140.9801,40.2196],[140.9551,40.2476]]]},"properties":{"name":"岩手県"}},
{"type":"Feature","geometry":{"type":"MultiPolygon","coordinates":[[[[140.7736,38.9581],[140.7321,38.9493],[140.7071,38.9203],[140.6856,38.9176],[140.6711,38.8971],[140.645,38.8886],[140.5905,38.8892],[140.5622,38.8732],[140.5471,38.8892],[140.5413,38.8613],[140.5907,38.836],[140.6035,38.7837],[140.6465,38.7695],[140.607,38.7033],[140.6236,38.6998],[140.6208,38.6761],[140.602,38.6406],[140.5899,38.6338],[140.5628,38.6481],[140.5376,38.6338],[140.5621,38.6073],[140.5786,38.5681],[140.5557,38.53],[140.5737,38.4949],[140.5977,38.4874],[140.6082,38.4584],[140.5978,38.4365],[140.5806,38.4374],[140.572,38.4152],[140.5782,38.393],[140.5217,38.3496],[140.5307,38.3252],[140.5203,38.3095],[140.4926,38.3027],[140.4969,38.2831],[140.473,38.2718],[140.4693,38.2283],[140.4802,38.1821],[140.4677,38.157],[140.452,38.1511],[140.4174,38.1029],[140.4207,38.0853],[140.375,38.0574],[140.3446,38.0534],[140.2891,38.0593],[140.2766,38.0286],[140.2895,38.0071],[140.28,37.9766],[140.3486,37.9502],[140.3856,37.9537],[140.3986,37.9744],[140.4341,37.9538],[140.4749,37.9468],[140.4695,37.9179],[140.4883,37.8996],[140.563,37.9114],[140.5664,37.9228],[140.5958,37.9062],[140.6157,37.9148],[140.6273,37.8991],[140.66,37.9009],[140.6901,37.8882],[140.6929,37.857],[140.6795,37.8369],[140.6944,37.8033],[140.727,37.7815],[140.7457,37.7883],[140.7955,37.7735],[140.775,37.8063],[140.8108,37.7956],[140.8517,37.7953],[140.8579,37.8029],[140.8505,37.8492],[140.8563,37.8909],[140.9,37.9043],[140.9311,37.8962],[140.915,37.9664],[140.9175,38.0185],[140.9305,38.0996],[140.9671,38.1897],[141.025,38.2711],[141.0847,38.2929],[141.0764,38.3196],[141.0412,38.3113],[141.0522,38.3318],[141.0376,38.3434],[141.0651,38.3508],[141.062,38.3694],[141.0875,38.3817],[141.1077,38.3705],[141.1148,38.382],[141.1378,38.3716],[141.1322,38.3602],[141.149,38.3584],[141.1585,38.3536],[141.1628,38.3674],[141.2303,38.4009],[141.2665,38.408],[141.2666,38.4194],[141.3172,38.4115],[141.3566,38.4142],[141.3666,38.3861],[141.3865,38.3841],[141.4084,38.404],[141.4321,38.374],[141.4181,38.3505],[141.4491,38.3417],[141.4622,38.3513],[141.4731,38.3342],[141.456,38.3152],[141.4972,38.3045],[141.5103,38.2781],[141.5251,38.2729],[141.5256,38.2959],[141.5406,38.3167],[141.5247,38.3257],[141.5344,38.3394],[141.5137,38.3709],[141.4813,38.3755],[141.5119,38.3916],[141.5306,38.3815],[141.5387,38.4008],[141.5139,38.3929],[141.4994,38.4152],[141.4724,38.3938],[141.475,38.4198],[141.4546,38.4412],[141.5078,38.4463],[141.477,38.4632],[141.4982,38.4778],[141.495,38.509],[141.5144,38.5116],[141.5169,38.4926],[141.5373,38.4904],[141.5463,38.5237],[141.5213,38.5394],[141.4931,38.5333],[141.481,38.5589],[141.4629,38.5613],[141.4586,38.5785],[141.5046,38.5952],[141.525,38.6109],[141.5297,38.6359],[141.4642,38.6479],[141.4412,38.6465],[141.4443,38.6735],[141.4911,38.6905],[141.5127,38.6876],[141.5252,38.71],[141.5589,38.7015],[141.5658,38.7372],[141.5374,38.7398],[141.5129,38.7671],[141.5204,38.7885],[141.5967,38.8291],[141.5834,38.8485],[141.5937,38.8897],[141.6045,38.88],[141.6331,38.9024],[141.65,38.8702],[141.6736,38.8571],[141.6652,38.8958],[141.651,38.903],[141.6317,38.9707],[141.567,38.996],[141.5231,38.9913],[141.4924,38.999],[141.4836,38.9783],[141.4905,38.9432],[141.4891,38.907],[141.4507,38.8751],[141.4639,38.853],[141.4498,38.8374],[141.4591,38.8152],[141.4294,38.8106],[141.438,38.7831],[141.4097,38.7679],[141.4149,38.7862],[141.3938,38.7998],[141.3496,38.8123],[141.3347,38.8069],[141.3066,38.819],[141.3045,38.7935],[141.2725,38.797],[141.2548,38.7597],[141.2158,38.7485],[141.2061,38.7695],[141.181,38.7845],[141.1675,38.7785],[141.1401,38.7886],[141.1399,38.8143],[141.1045,38.8233],[141.1468,38.8563],[141.1395,38.8775],[141.108,38.8777],[141.0933,38.8879],[141.0435,38.8766],[141.0207,38.8864],[140.9898,38.8743],[140.9615,38.9057],[140.9104,38.9274],[140.8854,38.927],[140.8241,38.9641],[140.7736,38.9581]]],[[[141.625,38.8314],[141.6224,38.8594],[141.6345,38.8743],[141.6048,38.8775],[141.6047,38.8604],[141.625,38.8314]]],[[[141.5,38.2464],[141.4817,38.2778],[141.4605,38.2832],[141.4586,38.2678],[141.5,38.2464]]],[[[141.5852,38.2764],[141.5888,38.302],[141.5669,38.3136],[141.5478,38.3024],[141.5729,38.2704],[141.5852,38.2764]]],[[[141.1495,38.3333],[141.1668,38.332],[141.1641,38.3495],[141.1464,38.3568],[141.1495,38.3333]]]]},"properties":{"name":"宮城県"}},
{"type":"Feature","geometry":{"type":"Polygon","coordinates":[[[139.9363,40.4282],[139.9802,40.3878],[140.0134,40.3717],[140.023,40.3576],[140.0241,40.3144],[140.0109,40.2446],[139.9799,40.1414],[139.949,40.0787],[139.9099,40.0246],[139.8727,39.9888],[139.8095,39.9578],[139.7657,39.9749],[139.7235,39.9816],[139.7018,40.0068],[139.6945,39.9806],[139.7191,39.9462],[139.7031,39.9434],[139.7166,39.91],[139.7349,39.9054],[139.7406,39.8714],[139.7552,39.8632],[139.7898,39.8669],[139.8213,39.8587],[139.8612,39.8663],[139.847,39.879],[139.8661,39.8976],[139.9249,39.8995],[139.9635,39.8829],[139.9932,39.8602],[140.0289,39.8155],[140.0423,39.7828],[140.0382,39.7648],[140.0593,39.7207],[140.063,39.6544],[140.0561,39.5662],[140.045,39.4987],[140.0215,39.4056],[139.9968,39.3422],[139.966,39.2951],[139.9286,39.2884],[139.9098,39.2591],[139.9147,39.2486],[139.8926,39.2044],[139.905,39.1815],[139.8851,39.1335],[139.8696,39.1183],[139.9481,39.1172],[139.9944,39.1055],[140.0078,39.123],[140.0621,39.1334],[140.0625,39.0929],[140.1149,39.0778],[140.1508,39.0492],[140.1888,39.0615],[140.2048,39.0535],[140.2006,39.0357],[140.2275,39.0271],[140.2606,39.0352],[140.3107,39.0136],[140.3188,39.0313],[140.3624,39.0258],[140.3746,38.9957],[140.4319,38.9919],[140.4455,38.9804],[140.4496,38.9456],[140.4617,38.9204],[140.4818,38.9164],[140.4945,38.8988],[140.5355,38.9007],[140.5471,38.8892],[140.5622,38.8732],[140.5905,38.8892],[140.645,38.8886],[140.6711,38.8971],[140.6856,38.9176],[140.7071,38.9203],[140.7321,38.9493],[140.7736,38.9581],[140.7644,39.0004],[140.7788,39.0084],[140.8098,39.058],[140.8,39.0765],[140.7529,39.086],[140.77,39.1242],[140.7497,39.1404],[140.7739,39.1676],[140.8079,39.1784],[140.7974,39.19],[140.7648,39.1978],[140.7705,39.2235],[140.7887,39.2384],[140.7178,39.2726],[140.7173,39.2965],[140.6936,39.2996],[140.6986,39.3284],[140.679,39.3832],[140.6532,39.3908],[140.6582,39.4141],[140.6811,39.4184],[140.677,39.4484],[140.6895,39.4648],[140.7244,39.4805],[140.7133,39.4941],[140.7382,39.5231],[140.7304,39.5658],[140.7543,39.5707],[140.7825,39.6041],[140.805,39.6128],[140.8202,39.6528],[140.8226,39.6879],[140.7748,39.7346],[140.7975,39.7412],[140.8195,39.7719],[140.8483,39.7933],[140.8416,39.8049],[140.783,39.8312],[140.7822,39.8678],[140.7995,39.8817],[140.8285,39.8848],[140.8529,39.8658],[140.878,39.8744],[140.8681,39.9117],[140.8547,39.9233],[140.8481,39.9584],[140.8504,40.0317],[140.8554,40.0467],[140.8445,40.0746],[140.8773,40.0981],[140.8672,40.1306],[140.8824,40.1508],[140.8603,40.1733],[140.8924,40.1923],[140.9055,40.2221],[140.941,40.2269],[140.9551,40.2476],[140.9457,40.2581],[140.9576,40.282],[140.944,40.2963],[140.9576,40.3065],[140.9686,40.3375],[140.9954,40.3534],[140.9788,40.416],[140.9852,40.4272],[140.942,40.4302],[140.8923,40.4234],[140.8613,40.4406],[140.8801,40.5102],[140.845,40.5074],[140.8106,40.4871],[140.8051,40.45],[140.7868,40.4572],[140.7341,40.4397],[140.7336,40.4158],[140.7161,40.4276],[140.6537,40.4036],[140.6256,40.4241],[140.5887,40.4302],[140.5532,40.42],[140.5687,40.4004],[140.5322,40.4113],[140.5279,40.4313],[140.5085,40.4285],[140.4776,40.4531],[140.4397,40.4504],[140.4373,40.4785],[140.4021,40.475],[140.387,40.4871],[140.3434,40.4617],[140.3391,40.4411],[140.3095,40.4366],[140.2989,40.4463],[140.2501,40.443],[140.2202,40.4311],[140.1804,40.4411],[140.1514,40.435],[140.1076,40.4359],[140.0785,40.4669],[140.054,40.4678],[140.0202,40.4466],[140.0165,40.4211],[139.9951,40.435],[139.9735,40.4266],[139.9363,40.4282]]]},"properties":{"name":"秋田県"}},
{"type":"Feature","geometry":{"type":"Polygon","coordinates":[[[140.5471,38.8892],[140.5355,38.9007],[140.4945,38.8988],[140.4818,38.9164],[140.4617,38.9204],[140.4496,38.9456],[140.4455,38.9804],[140.4319,38.9919],[140.3746,38.9957],[140.3624,39.0258],[140.3188,39.0313],[140.3107,39.0136],[140.2606,39.0352],[140.2275,39.0271],[140.2006,39.0357],[140.2048,39.0535],[140.1888,39.0615],[140.1508,39.0492],[140.1149,39.0778],[140.0625,39.0929],[140.0621,39.1334],[140.0078,39.123],[139.9944,39.1055],[139.9481,39.1172],[139.8696,39.1183],[139.8794,39.0967],[139.8671,39.0521],[139.8426,38.9903],[139.8143,38.9503],[139.8036,38.9024],[139.7774,38.8323],[139.7464,38.7752],[139.7077,38.7502],[139.6988,38.7312],[139.6709,38.7188],[139.6501,38.6955],[139.6102,38.6695],[139.5478,38.5529],[139.5994,38.5222],[139.6314,38.5218],[139.6405,38.5108],[139.7207,38.4963],[139.717,38.421],[139.7059,38.4076],[139.7329,38.3714],[139.7896,38.3487],[139.8165,38.356],[139.875,38.3166],[139.8989,38.2932],[139.8999,38.2758],[139.8766,38.2618],[139.8602,38.2311],[139.811,38.2115],[139.7865,38.1924],[139.7582,38.193],[139.7132,38.2066],[139.6879,38.1824],[139.6921,38.113],[139.6723,38.0769],[139.6927,38.057],[139.6547,38.0348],[139.6543,37.9965],[139.6435,37.9945],[139.6394,37.9347],[139.6251,37.9175],[139.6385,37.88],[139.6808,37.847],[139.7062,37.8559],[139.7156,37.8542],[139.716,37.847],[139.7304,37.8305],[139.7362,37.8281],[139.7413,37.8203],[139.7824,37.832],[139.8041,37.8063],[139.856,37.8259],[139.8801,37.8101],[139.9255,37.8142],[139.9326,37.8294],[139.9579,37.8149],[139.9601,37.7956],[139.9926,37.7587],[140.0375,37.768],[140.0485,37.779],[140.069,37.7579],[140.0868,37.758],[140.1023,37.7376],[140.1405,37.7381],[140.1616,37.7567],[140.2355,37.7459],[140.2822,37.7982],[140.2988,37.8078],[140.2688,37.8241],[140.2707,37.8907],[140.2646,37.9062],[140.2793,37.9337],[140.2713,37.9666],[140.28,37.9766],[140.2895,38.0071],[140.2766,38.0286],[140.2891,38.0593],[140.3446,38.0534],[140.375,38.0574],[140.4207,38.0853],[140.4174,38.1029],[140.452,38.1511],[140.4677,38.157],[140.4802,38.1821],[140.4693,38.2283],[140.473,38.2718],[140.4969,38.2831],[140.4926,38.3027],[140.5203,38.3095],[140.5307,38.3252],[140.5217,38.3496],[140.5782,38.393],[140.572,38.4152],[140.5806,38.4374],[140.5978,38.4365],[140.6082,38.4584],[140.5977,38.4874],[140.5737,38.4949],[140.5557,38.53],[140.5786,38.5681],[140.5621,38.6073],[140.5376,38.6338],[140.5628,38.6481],[140.5899,38.6338],[140.602,38.6406],[140.6208,38.6761],[140.6236,38.6998],[140.607,38.7033],[140.6465,38.7695],[140.6035,38.7837],[140.5907,38.836],[140.5413,38.8613],[140.5471,38.8892]]]},"properties":{"name":"山形県"}},
{"type":"Feature","geometry":{"type":"Polygon","coordinates":[[[140.28,37.9766],[140.2713,37.9666],[140.2793,37.9337],[140.2646,37.9062],[140.2707,37.8907],[140.2688,37.8241],[140.2988,37.8078],[140.2822,37.7982],[140.2355,37.7459],[140.1616,37.7567],[140.1405,37.7381],[140.1023,37.7376],[140.0868,37.758],[140.069,37.7579],[140.0485,37.779],[140.0375,37.768],[139.9926,37.7587],[139.9601,37.7956],[139.9579,37.8149],[139.9326,37.8294],[139.9255,37.8142],[139.8801,37.8101],[139.856,37.8259],[139.8041,37.8063],[139.7824,37.832],[139.7413,37.8203],[139.7362,37.8281],[139.7304,37.8305],[139.716,37.847],[139.7156,37.8542],[139.7062,37.8559],[139.6808,37.847],[139.6978,37.8477],[139.7107,37.8544],[139.7206,37.8396],[139.7305,37.8303],[139.736,37.8279],[139.7415,37.8177],[139.7216,37.8094],[139.6579,37.755],[139.6496,37.7291],[139.6314,37.7196],[139.6273,37.6884],[139.5685,37.6531],[139.5493,37.6491],[139.5485,37.6099],[139.5624,37.6001],[139.5724,37.5702],[139.5657,37.5461],[139.5906,37.5279],[139.567,37.5023],[139.5233,37.5145],[139.4758,37.5026],[139.4572,37.5179],[139.4142,37.5102],[139.4064,37.4662],[139.3975,37.4598],[139.3626,37.47],[139.2589,37.4471],[139.223,37.4486],[139.1987,37.413],[139.2125,37.3919],[139.2317,37.3874],[139.2336,37.3436],[139.2123,37.2862],[139.1747,37.2563],[139.1659,37.2322],[139.1967,37.194],[139.2178,37.2095],[139.253,37.1613],[139.2354,37.1139],[139.2386,37.0905],[139.2573,37.0559],[139.2434,37.0151],[139.251,37.0046],[139.2499,36.9559],[139.2319,36.9405],[139.2406,36.9295],[139.2659,36.9412],[139.3051,36.9258],[139.3424,36.9275],[139.3497,36.9142],[139.3933,36.9108],[139.4567,36.9538],[139.4612,36.9707],[139.4943,36.9679],[139.5353,36.9806],[139.5795,37.0049],[139.5819,37.0149],[139.6193,37.0166],[139.6262,37.0335],[139.665,37.0405],[139.6726,37.0572],[139.7188,37.0708],[139.7527,37.0706],[139.7749,37.0919],[139.8205,37.0864],[139.8152,37.1162],[139.8318,37.1336],[139.9024,37.1543],[139.9163,37.1476],[139.9546,37.1549],[139.9631,37.1485],[140.0471,37.1354],[140.0597,37.1255],[140.1004,37.1234],[140.137,37.1065],[140.1728,37.0703],[140.1931,37.0655],[140.2033,37.0239],[140.2489,37.0259],[140.2402,37.0003],[140.2531,36.963],[140.2406,36.9498],[140.2643,36.9333],[140.286,36.9354],[140.3219,36.9078],[140.324,36.8933],[140.3652,36.8843],[140.3772,36.8379],[140.4383,36.8216],[140.4665,36.7918],[140.4889,36.8187],[140.5167,36.8266],[140.538,36.8588],[140.5805,36.8669],[140.5933,36.8798],[140.565,36.9129],[140.5674,36.9367],[140.5866,36.9451],[140.6147,36.9045],[140.6801,36.8934],[140.7141,36.8728],[140.7405,36.8756],[140.7668,36.8615],[140.7934,36.8592],[140.7971,36.8892],[140.8281,36.9129],[140.8408,36.9095],[140.8759,36.9332],[140.9076,36.9454],[140.9245,36.9352],[140.9511,36.9551],[140.9813,36.9945],[140.9727,37.0226],[140.9827,37.0893],[141,37.1124],[141.0025,37.2004],[141.0135,37.2405],[141.0253,37.3248],[141.0357,37.368],[141.0341,37.4309],[141.042,37.4832],[141.0305,37.5288],[141.0228,37.6153],[141.0223,37.6643],[141.0112,37.6884],[141.0122,37.7328],[140.9909,37.7678],[140.9864,37.8237],[140.9616,37.8305],[140.941,37.8622],[140.9311,37.8962],[140.9,37.9043],[140.8563,37.8909],[140.8505,37.8492],[140.8579,37.8029],[140.8517,37.7953],[140.8108,37.7956],[140.775,37.8063],[140.7955,37.7735],[140.7457,37.7883],[140.727,37.7815],[140.6944,37.8033],[140.6795,37.8369],[140.6929,37.857],[140.6901,37.8882],[140.66,37.9009],[140.6273,37.8991],[140.6157,37.9148],[140.5958,37.9062],[140.5664,37.9228],[140.563,37.9114],[140.4883,37.8996],[140.4695,37.9179],[140.4749,37.9468],[140.4341,37.9538],[140.3986,37.9744],[140.3856,37.9537],[140.3486,37.9502],[140.28,37.9766]]]},"properties":{"name":"福島県"}},
{"type":"Feature","geometry":{"type":"Polygon","coordinates":[[[140.2643,36.9333],[140.2487,36.9089],[140.2567,36.8731],[140.2515,36.8525],[140.2657,36.829],[140.267,36.7995],[140.2538,36.7837],[140.2622,36.7483],[140.2847,36.732],[140.2901,36.712],[140.2334,36.7002],[140.2215,36.6744],[140.2409,36.6509],[140.2343,36.6346],[140.2484,36.6109],[140.2434,36.5846],[140.2477,36.5345],[140.2602,36.5176],[140.2306,36.503],[140.2029,36.4544],[140.2033,36.4207],[140.1784,36.3973],[140.1562,36.3982],[140.1443,36.414],[140.1096,36.4073],[140.1112,36.3981],[140.0682,36.4033],[140.0691,36.389],[140.0482,36.3756],[140.0004,36.3766],[140.0016,36.3681],[139.9653,36.3675],[139.9645,36.3509],[139.9143,36.3367],[139.9108,36.3012],[139.8725,36.3151],[139.85,36.3118],[139.8352,36.2918],[139.8417,36.2773],[139.8218,36.2398],[139.76,36.2192],[139.729,36.2023],[139.7075,36.2108],[139.6879,36.1997],[139.6961,36.1564],[139.7264,36.1125],[139.7283,36.0901],[139.7658,36.0804],[139.7762,36.0908],[139.7868,36.1041],[139.8137,36.0624],[139.8782,36.0076],[139.8823,35.9914],[139.9325,35.9694],[139.9386,35.9406],[139.9967,35.9092],[140.0132,35.9111],[140.0743,35.8766],[140.0881,35.884],[140.1276,35.8704],[140.1567,35.8427],[140.2054,35.8613],[140.2436,35.8554],[140.2861,35.8729],[140.3083,35.8645],[140.335,35.8724],[140.3637,35.8994],[140.4485,35.915],[140.4584,35.9265],[140.4845,35.9097],[140.5112,35.9587],[140.5706,35.9241],[140.6116,35.8918],[140.6307,35.8591],[140.6868,35.8478],[140.7066,35.8363],[140.7417,35.7851],[140.822,35.7394],[140.852,35.7447],[140.8106,35.777],[140.7419,35.8671],[140.7079,35.9214],[140.6689,35.9192],[140.701,35.9378],[140.6669,35.9778],[140.5945,36.1178],[140.5633,36.2214],[140.5582,36.2731],[140.57,36.3078],[140.5869,36.3114],[140.5966,36.3417],[140.6211,36.3596],[140.6269,36.381],[140.6097,36.4052],[140.6273,36.4415],[140.6094,36.4404],[140.611,36.475],[140.6224,36.4836],[140.6528,36.5729],[140.692,36.6407],[140.7158,36.6625],[140.7166,36.6939],[140.7483,36.7841],[140.7733,36.823],[140.8057,36.8312],[140.7934,36.8592],[140.7668,36.8615],[140.7405,36.8756],[140.7141,36.8728],[140.6801,36.8934],[140.6147,36.9045],[140.5866,36.9451],[140.5674,36.9367],[140.565,36.9129],[140.5933,36.8798],[140.5805,36.8669],[140.538,36.8588],[140.5167,36.8266],[140.4889,36.8187],[140.4665,36.7918],[140.4383,36.8216],[140.3772,36.8379],[140.3652,36.8843],[140.324,36.8933],[140.3219,36.9078],[140.286,36.9354],[140.2643,36.9333]]]},"properties":{"name":"茨城県"}},
{"type":"Feature","geometry":{"type":"Polygon","coordinates":[[[139.3933,36.9108],[139.3571,36.8769],[139.3487,36.8526],[139.4067,36.8269],[139.3779,36.8044],[139.3743,36.7843],[139.3534,36.7741],[139.3561,36.7505],[139.372,36.7457],[139.3649,36.7197],[139.3369,36.6921],[139.3267,36.6571],[139.3297,36.6276],[139.3987,36.6022],[139.47,36.6042],[139.483,36.5833],[139.4608,36.5532],[139.4393,36.551],[139.4399,36.5254],[139.4217,36.5087],[139.4365,36.466],[139.4123,36.4507],[139.3806,36.4171],[139.361,36.3837],[139.3686,36.3673],[139.4228,36.3323],[139.4154,36.318],[139.4639,36.2715],[139.5256,36.2847],[139.5613,36.2671],[139.6339,36.2702],[139.6307,36.2548],[139.6589,36.2314],[139.6644,36.2071],[139.6879,36.1997],[139.7075,36.2108],[139.729,36.2023],[139.76,36.2192],[139.8218,36.2398],[139.8417,36.2773],[139.8352,36.2918],[139.85,36.3118],[139.8725,36.3151],[139.9108,36.3012],[139.9143,36.3367],[139.9645,36.3509],[139.9653,36.3675],[140.0016,36.3681],[140.0004,36.3766],[140.0482,36.3756],[140.0691,36.389],[140.0682,36.4033],[140.1112,36.3981],[140.1096,36.4073],[140.1443,36.414],[140.1562,36.3982],[140.1784,36.3973],[140.2033,36.4207],[140.2029,36.4544],[140.2306,36.503],[140.2602,36.5176],[140.2477,36.5345],[140.2434,36.5846],[140.2484,36.6109],[140.2343,36.6346],[140.2409,36.6509],[140.2215,36.6744],[140.2334,36.7002],[140.2901,36.712],[140.2847,36.732],[140.2622,36.7483],[140.2538,36.7837],[140.267,36.7995],[140.2657,36.829],[140.2515,36.8525],[140.2567,36.8731],[140.2487,36.9089],[140.2643,36.9333],[140.2406,36.9498],[140.2531,36.963],[140.2402,37.0003],[140.2489,37.0259],[140.2033,37.0239],[140.1931,37.0655],[140.1728,37.0703],[140.137,37.1065],[140.1004,37.1234],[140.0597,37.1255],[140.0471,37.1354],[139.9631,37.1485],[139.9546,37.1549],[139.9163,37.1476],[139.9024,37.1543],[139.8318,37.1336],[139.8152,37.1162],[139.8205,37.0864],[139.7749,37.0919],[139.7527,37.0706],[139.7188,37.0708],[139.6726,37.0572],[139.665,37.0405],[139.6262,37.0335],[139.6193,37.0166],[139.5819,37.0149],[139.5795,37.0049],[139.5353,36.9806],[139.4943,36.9679],[139.4612,36.9707],[139.4567,36.9538],[139.3933,36.9108]]]},"properties":{"name":"栃木県"}},
{"type":"Feature","geometry":{"type":"Polygon","coordinates":[[[139.2319,36.9405],[139.2287,36.9612],[139.1831,36.9615],[139.1794,36.9908],[139.1319,37.0257],[139.125,37.0448],[139.097,37.0586],[139.0912,37.02],[139.0303,36.9837],[138.9698,36.9814],[138.9638,36.9528],[138.9792,36.8912],[138.9334,36.8941],[138.9172,36.8704],[138.9291,36.8326],[138.8795,36.825],[138.8509,36.812],[138.8217,36.8176],[138.829,36.7916],[138.8178,36.7616],[138.7703,36.7462],[138.727,36.7642],[138.7131,36.7392],[138.6959,36.7385],[138.5436,36.7038],[138.5143,36.6908],[138.5343,36.6663],[138.5249,36.6509],[138.4591,36.6348],[138.455,36.6139],[138.4288,36.5979],[138.4203,36.5737],[138.4288,36.5562],[138.4114,36.5395],[138.3971,36.4906],[138.4014,36.434],[138.457,36.4202],[138.4596,36.4048],[138.489,36.4009],[138.5054,36.4148],[138.5406,36.4028],[138.5562,36.4182],[138.6079,36.4232],[138.6466,36.4108],[138.6535,36.3031],[138.6003,36.2784],[138.6119,36.2294],[138.636,36.2067],[138.6228,36.1969],[138.6371,36.1749],[138.6048,36.1642],[138.5773,36.1681],[138.6007,36.1356],[138.6341,36.134],[138.6475,36.1059],[138.6306,36.0913],[138.6442,36.0496],[138.6315,36.0283],[138.6797,36.0116],[138.6908,35.9908],[138.7126,35.9853],[138.7492,36.0167],[138.7544,36.0345],[138.791,36.0294],[138.8285,36.0374],[138.846,36.0666],[138.8979,36.0907],[138.9315,36.0881],[138.9566,36.1057],[138.9585,36.1241],[138.9857,36.1156],[139.0049,36.1334],[139.0424,36.1285],[139.0427,36.148],[139.0606,36.1523],[139.0633,36.1957],[139.1294,36.2833],[139.1639,36.2789],[139.2375,36.2462],[139.2668,36.2504],[139.328,36.2374],[139.3473,36.2537],[139.3767,36.2445],[139.4543,36.1914],[139.5352,36.1929],[139.5878,36.2104],[139.625,36.187],[139.6644,36.2071],[139.6589,36.2314],[139.6307,36.2548],[139.6339,36.2702],[139.5613,36.2671],[139.5256,36.2847],[139.4639,36.2715],[139.4154,36.318],[139.4228,36.3323],[139.3686,36.3673],[139.361,36.3837],[139.3806,36.4171],[139.4123,36.4507],[139.4365,36.466],[139.4217,36.5087],[139.4399,36.5254],[139.4393,36.551],[139.4608,36.5532],[139.483,36.5833],[139.47,36.6042],[139.3987,36.6022],[139.3297,36.6276],[139.3267,36.6571],[139.3369,36.6921],[139.3649,36.7197],[139.372,36.7457],[139.3561,36.7505],[139.3534,36.7741],[139.3743,36.7843],[139.3779,36.8044],[139.4067,36.8269],[139.3487,36.8526],[139.3571,36.8769],[139.3933,36.9108],[139.3497,36.9142],[139.3424,36.9275],[139.3051,36.9258],[139.2659,36.9412],[139.2406,36.9295],[139.2319,36.9405]]]},"properties":{"name":"群馬県"}},
{"type":"Feature","geometry":{"type":"Polygon","coordinates":[[[139.6879,36.1997],[139.6644,36.2071],[139.625,36.187],[139.5878,36.2104],[139.5352,36.1929],[139.4543,36.1914],[139.3767,36.2445],[139.3473,36.2537],[139.328,36.2374],[139.2668,36.2504],[139.2375,36.2462],[139.1639,36.2789],[139.1294,36.2833],[139.0633,36.1957],[139.0606,36.1523],[139.0427,36.148],[139.0424,36.1285],[139.0049,36.1334],[138.9857,36.1156],[138.9585,36.1241],[138.9566,36.1057],[138.9315,36.0881],[138.8979,36.0907],[138.846,36.0666],[138.8285,36.0374],[138.791,36.0294],[138.7544,36.0345],[138.7492,36.0167],[138.7126,35.9853],[138.7114,35.9713],[138.7393,35.9391],[138.729,35.9092],[138.7772,35.9004],[138.7918,35.876],[138.8136,35.8624],[138.8566,35.8646],[138.892,35.8398],[138.9109,35.8527],[138.9439,35.8548],[138.9545,35.8749],[139.0008,35.884],[139.0236,35.8974],[139.0498,35.8788],[139.116,35.8645],[139.1354,35.8654],[139.1924,35.8403],[139.2126,35.8466],[139.2307,35.8367],[139.2719,35.8397],[139.3162,35.8237],[139.3222,35.7996],[139.3699,35.7917],[139.3802,35.7664],[139.445,35.7667],[139.5226,35.7892],[139.5417,35.8073],[139.5472,35.7534],[139.5888,35.7785],[139.623,35.7669],[139.6406,35.7977],[139.6962,35.7993],[139.7339,35.79],[139.7608,35.7974],[139.7508,35.8102],[139.7718,35.8169],[139.7924,35.8053],[139.8249,35.8119],[139.8205,35.7975],[139.8938,35.7827],[139.89,35.844],[139.9003,35.8642],[139.8899,35.8926],[139.8378,35.9539],[139.8169,36.0024],[139.8137,36.0385],[139.7833,36.0695],[139.7762,36.0908],[139.7658,36.0804],[139.7283,36.0901],[139.7264,36.1125],[139.6961,36.1564],[139.6879,36.1997]]]},"properties":{"name":"埼玉県"}},
{"type":"Feature","geometry":{"type":"Polygon","coordinates":[[[139.7762,36.0908],[139.7833,36.0695],[139.8137,36.0385],[139.8169,36.0024],[139.8378,35.9539],[139.8899,35.8926],[139.9003,35.8642],[139.89,35.844],[139.8938,35.7827],[139.8795,35.7675],[139.8995,35.7444],[139.8987,35.7235],[139.9162,35.708],[139.9086,35.6855],[139.8864,35.6786],[139.8835,35.6451],[139.8715,35.6386],[139.8726,35.6255],[139.8976,35.6167],[139.9394,35.6405],[139.9182,35.6554],[139.9467,35.6809],[139.9828,35.6816],[140.0697,35.6108],[140.1089,35.5999],[140.1161,35.5692],[140.0858,35.5489],[140.0613,35.5437],[140.0065,35.4793],[139.9658,35.4686],[139.9745,35.4485],[139.9511,35.4561],[139.9487,35.4422],[139.9033,35.4315],[139.8974,35.4123],[139.9177,35.3824],[139.8878,35.3709],[139.8967,35.3583],[139.8459,35.3753],[139.823,35.3444],[139.8394,35.3337],[139.8197,35.3165],[139.7859,35.3134],[139.8262,35.3016],[139.8528,35.2849],[139.847,35.2717],[139.8644,35.2542],[139.8667,35.2194],[139.824,35.1978],[139.8178,35.1545],[139.839,35.1294],[139.8247,35.1134],[139.8419,35.0829],[139.8196,35.0653],[139.8231,35.0375],[139.8545,35.0201],[139.8555,34.9904],[139.7862,34.9728],[139.7544,34.9779],[139.7533,34.9656],[139.8159,34.941],[139.8242,34.9111],[139.8374,34.9039],[139.9165,34.9064],[139.9416,34.9177],[139.9637,34.9423],[139.9607,34.9677],[139.9788,35.0084],[139.9996,35.0291],[140.0551,35.0591],[140.0753,35.0575],[140.1027,35.0784],[140.1052,35.1019],[140.1344,35.1217],[140.1511,35.1168],[140.1931,35.1267],[140.2027,35.1097],[140.2325,35.1151],[140.2494,35.1351],[140.2901,35.1365],[140.3044,35.1512],[140.3252,35.1397],[140.3493,35.1801],[140.3745,35.1796],[140.3937,35.2027],[140.407,35.2504],[140.4001,35.2694],[140.4145,35.3043],[140.3952,35.3348],[140.3942,35.4087],[140.4129,35.4656],[140.4476,35.5221],[140.4955,35.5762],[140.5555,35.6253],[140.6182,35.6689],[140.6925,35.6994],[140.7501,35.6932],[140.8163,35.7132],[140.8654,35.6947],[140.8707,35.7333],[140.852,35.7447],[140.822,35.7394],[140.7417,35.7851],[140.7066,35.8363],[140.6868,35.8478],[140.6307,35.8591],[140.6116,35.8918],[140.5706,35.9241],[140.5112,35.9587],[140.4845,35.9097],[140.4584,35.9265],[140.4485,35.915],[140.3637,35.8994],[140.335,35.8724],[140.3083,35.8645],[140.2861,35.8729],[140.2436,35.8554],[140.2054,35.8613],[140.1567,35.8427],[140.1276,35.8704],[140.0881,35.884],[140.0743,35.8766],[140.0132,35.9111],[139.9967,35.9092],[139.9386,35.9406],[139.9325,35.9694],[139.8823,35.9914],[139.8782,36.0076],[139.8137,36.0624],[139.7868,36.1041],[139.7762,36.0908]]]},"properties":{"name":"千葉県"}},
{"type":"Feature","geometry":{"type":"MultiPolygon","coordinates":[[[[142.2084,27.0833],[142.1867,27.0727],[142.1898,27.0504],[142.2205,27.0405],[142.2329,27.0775],[142.2177,27.1001],[142.2084,27.0833]]],[[[142.1843,27.1667],[142.1873,27.1447],[142.2022,27.1691],[142.1851,27.1872],[142.1843,27.1667]]],[[[139.625,33.8839],[139.6054,33.9008],[139.5781,33.8825],[139.5792,33.8604],[139.62,33.8518],[139.625,33.8839]]],[[[139.5,34.0468],[139.5286,34.0468],[139.5627,34.0687],[139.559,34.1109],[139.5393,34.1238],[139.4928,34.1196],[139.494,34.1055],[139.4732,34.077],[139.4824,34.0515],[139.5,34.0468]]],[[[139.7583,32.447],[139.7791,32.4473],[139.7552,32.4718],[139.7583,32.447]]],[[[139.8058,35.5854],[139.8322,35.5889],[139.8203,35.6074],[139.7934,35.5928],[139.8058,35.5854]]],[[[139.752,35.5833],[139.783,35.5771],[139.753,35.6176],[139.752,35.5833]]],[[[138.9439,35.8548],[138.9693,35.8314],[138.9703,35.8046],[138.9844,35.7678],[139.0225,35.722],[139.0721,35.6954],[139.1056,35.691],[139.1313,35.672],[139.1616,35.6679],[139.1792,35.6456],[139.2157,35.6456],[139.2202,35.6256],[139.2522,35.6017],[139.2829,35.6133],[139.2992,35.6062],[139.3631,35.599],[139.3911,35.5853],[139.4582,35.528],[139.4678,35.5023],[139.4865,35.5203],[139.476,35.5807],[139.491,35.5614],[139.5066,35.5717],[139.4638,35.6092],[139.4622,35.6249],[139.4891,35.6047],[139.5254,35.6426],[139.5919,35.6177],[139.6122,35.6159],[139.6693,35.5847],[139.6764,35.566],[139.7031,35.5533],[139.6999,35.5384],[139.7565,35.5446],[139.7765,35.5345],[139.8092,35.5391],[139.7854,35.5706],[139.7637,35.5605],[139.747,35.5922],[139.7526,35.6344],[139.7672,35.6581],[139.7873,35.6273],[139.8345,35.6441],[139.8715,35.6386],[139.8835,35.6451],[139.8864,35.6786],[139.9086,35.6855],[139.9162,35.708],[139.8987,35.7235],[139.8995,35.7444],[139.8795,35.7675],[139.8938,35.7827],[139.8205,35.7975],[139.8249,35.8119],[139.7924,35.8053],[139.7718,35.8169],[139.7508,35.8102],[139.7608,35.7974],[139.7339,35.79],[139.6962,35.7993],[139.6406,35.7977],[139.623,35.7669],[139.5888,35.7785],[139.5472,35.7534],[139.5417,35.8073],[139.5226,35.7892],[139.445,35.7667],[139.3802,35.7664],[139.3699,35.7917],[139.3222,35.7996],[139.3162,35.8237],[139.2719,35.8397],[139.2307,35.8367],[139.2126,35.8466],[139.1924,35.8403],[139.1354,35.8654],[139.116,35.8645],[139.0498,35.8788],[139.0236,35.8974],[139.0008,35.884],[138.9545,35.8749],[138.9439,35.8548]]],[[[142.19,27.1209],[142.2339,27.1091],[142.2196,27.1327],[142.1912,27.1442],[142.19,27.1209]]],[[[139.7802,33.0833],[139.7843,33.0697],[139.8322,33.0454],[139.8389,33.075],[139.8575,33.0789],[139.8449,33.1163],[139.8172,33.1205],[139.776,33.1563],[139.7438,33.1533],[139.7383,33.1385],[139.7576,33.1026],[139.7802,33.0833]]],[[[139.125,34.1897],[139.1753,34.2057],[139.1703,34.2311],[139.1371,34.2412],[139.125,34.1897]]],[[[139.2636,34.3333],[139.2759,34.3434],[139.2779,34.3904],[139.2885,34.4269],[139.2557,34.4003],[139.2445,34.3485],[139.2636,34.3333]]],[[[139.375,34.6976],[139.3957,34.6839],[139.4447,34.6845],[139.4489,34.741],[139.4221,34.7817],[139.3604,34.7989],[139.3504,34.7839],[139.3592,34.702],[139.375,34.6976]]],[[[141.2851,24.75],[141.3458,24.773],[141.347,24.7961],[141.3303,24.8133],[141.3045,24.8068],[141.2851,24.7859],[141.2851,24.75]]],[[[141.275,25.4215],[141.2933,25.4257],[141.2881,25.4473],[141.275,25.4215]]],[[[142.1488,26.6667],[142.1541,26.6359],[142.1816,26.6101],[142.1603,26.7017],[142.1424,26.7084],[142.1308,26.6891],[142.1488,26.6667]]]]},"properties":{"name":"東京都"}},
{"type":"Feature","geometry":{"type":"MultiPolygon","coordinates":[[[[139.7083,35.4709],[139.7418,35.477],[139.7345,35.4948],[139.7003,35.4787],[139.7083,35.4709]]],[[[139.1313,35.672],[139.1173,35.6549],[139.1337,35.6158],[139.1284,35.5626],[139.0858,35.5121],[139.046,35.5097],[139.0275,35.481],[138.9593,35.4622],[138.9282,35.4389],[138.9164,35.4006],[138.9936,35.4035],[139.0018,35.3989],[139.0108,35.3382],[139.019,35.3293],[139.003,35.2894],[138.9755,35.2638],[138.9877,35.2008],[139.0291,35.1703],[139.0304,35.1498],[139.1116,35.1414],[139.1418,35.153],[139.1362,35.1806],[139.1482,35.2386],[139.2079,35.2773],[139.2498,35.2928],[139.3383,35.3136],[139.4545,35.3178],[139.5258,35.3018],[139.5344,35.3086],[139.571,35.2932],[139.571,35.2703],[139.6027,35.2254],[139.6274,35.2157],[139.5992,35.1964],[139.6162,35.1897],[139.6197,35.1634],[139.6076,35.1427],[139.6275,35.1372],[139.677,35.1394],[139.655,35.1808],[139.6927,35.2094],[139.725,35.2119],[139.7202,35.2403],[139.7464,35.2533],[139.7325,35.2658],[139.691,35.2666],[139.6618,35.3007],[139.6608,35.2829],[139.639,35.3007],[139.6607,35.3282],[139.6235,35.3301],[139.657,35.3419],[139.6532,35.3874],[139.6246,35.3917],[139.6337,35.4083],[139.6696,35.4029],[139.6906,35.4392],[139.6385,35.4568],[139.6447,35.476],[139.6818,35.4784],[139.7488,35.5068],[139.7379,35.5147],[139.761,35.5303],[139.771,35.5132],[139.7961,35.5186],[139.7765,35.5345],[139.7565,35.5446],[139.6999,35.5384],[139.7031,35.5533],[139.6764,35.566],[139.6693,35.5847],[139.6122,35.6159],[139.5919,35.6177],[139.5254,35.6426],[139.4891,35.6047],[139.4622,35.6249],[139.4638,35.6092],[139.5066,35.5717],[139.491,35.5614],[139.476,35.5807],[139.4865,35.5203],[139.4678,35.5023],[139.4582,35.528],[139.3911,35.5853],[139.3631,35.599],[139.2992,35.6062],[139.2829,35.6133],[139.2522,35.6017],[139.2202,35.6256],[139.2157,35.6456],[139.1792,35.6456],[139.1616,35.6679],[139.1313,35.672]]]]},"properties":{"name":"神奈川県"}},
{"type":"Feature","geometry":{"type":"MultiPolygon","coordinates":[[[[139.25,38.4844],[139.2211,38.4593],[139.2265,38.4373],[139.2543,38.4621],[139.25,38.4844]]],[[[139.5478,38.5529],[139.5499,38.5433],[139.508,38.4845],[139.455,38.3898],[139.4509,38.3615],[139.4492,38.2343],[139.4282,38.2],[139.4248,38.1722],[139.3827,38.1177],[139.3464,38.078],[139.3029,38.0404],[139.246,38.0045],[139.2274,37.999],[139.2319,37.9654],[139.2151,37.993],[139.2011,37.9825],[139.1245,37.9587],[139.0714,37.9519],[139.0016,37.9088],[138.8984,37.8561],[138.8342,37.8103],[138.7957,37.7441],[138.7669,37.6442],[138.7483,37.6057],[138.7131,37.5586],[138.6653,37.5298],[138.6176,37.4732],[138.5878,37.4208],[138.5519,37.3758],[138.437,37.3222],[138.3558,37.2551],[138.2854,37.2041],[138.2776,37.2118],[138.2317,37.1742],[138.1691,37.1622],[138.1317,37.1642],[138.1018,37.1741],[138.0275,37.1167],[138.0051,37.1152],[137.9492,37.0859],[137.9157,37.0623],[137.8286,37.0397],[137.8132,37.0309],[137.7004,36.9945],[137.635,36.9798],[137.6875,36.9432],[137.7112,36.9442],[137.7205,36.9267],[137.713,36.8938],[137.7321,36.8737],[137.732,36.8236],[137.7543,36.7966],[137.7624,36.7662],[137.82,36.7982],[137.831,36.8178],[137.8778,36.8732],[137.8617,36.8908],[137.8635,36.9129],[137.8933,36.91],[137.9197,36.9199],[138.0136,36.9041],[138.0316,36.8781],[138.0137,36.8604],[138.0201,36.8422],[138.0035,36.8264],[138.0338,36.8088],[138.0682,36.8038],[138.0814,36.8299],[138.1124,36.8495],[138.1628,36.8443],[138.2034,36.8571],[138.211,36.8686],[138.2684,36.8605],[138.2876,36.8457],[138.2994,36.8867],[138.2963,36.9108],[138.3176,36.9252],[138.3432,36.9208],[138.3645,36.9443],[138.3787,36.9803],[138.4004,36.9979],[138.4551,37.0196],[138.4917,37.0205],[138.5259,37.0298],[138.5659,37.0213],[138.5882,36.9769],[138.5832,36.9283],[138.5962,36.9071],[138.621,36.9041],[138.6178,36.8919],[138.6936,36.8524],[138.6807,36.8242],[138.6958,36.8091],[138.6695,36.7737],[138.688,36.7658],[138.6959,36.7385],[138.7131,36.7392],[138.727,36.7642],[138.7703,36.7462],[138.8178,36.7616],[138.829,36.7916],[138.8217,36.8176],[138.8509,36.812],[138.8795,36.825],[138.9291,36.8326],[138.9172,36.8704],[138.9334,36.8941],[138.9792,36.8912],[138.9638,36.9528],[138.9698,36.9814],[139.0303,36.9837],[139.0912,37.02],[139.097,37.0586],[139.125,37.0448],[139.1319,37.0257],[139.1794,36.9908],[139.1831,36.9615],[139.2287,36.9612],[139.2319,36.9405],[139.2499,36.9559],[139.251,37.0046],[139.2434,37.0151],[139.2573,37.0559],[139.2386,37.0905],[139.2354,37.1139],[139.253,37.1613],[139.2178,37.2095],[139.1967,37.194],[139.1659,37.2322],[139.1747,37.2563],[139.2123,37.2862],[139.2336,37.3436],[139.2317,37.3874],[139.2125,37.3919],[139.1987,37.413],[139.223,37.4486],[139.2589,37.4471],[139.3626,37.47],[139.3975,37.4598],[139.4064,37.4662],[139.4142,37.5102],[139.4572,37.5179],[139.4758,37.5026],[139.5233,37.5145],[139.567,37.5023],[139.5906,37.5279],[139.5657,37.5461],[139.5724,37.5702],[139.5624,37.6001],[139.5485,37.6099],[139.5493,37.6491],[139.5685,37.6531],[139.6273,37.6884],[139.6314,37.7196],[139.6496,37.7291],[139.6579,37.755],[139.7216,37.8094],[139.7415,37.8177],[139.736,37.8279],[139.7305,37.8303],[139.7206,37.8396],[139.7107,37.8544],[139.6978,37.8477],[139.6808,37.847],[139.6385,37.88],[139.6251,37.9175],[139.6394,37.9347],[139.6435,37.9945],[139.6543,37.9965],[139.6547,38.0348],[139.6927,38.057],[139.6723,38.0769],[139.6921,38.113],[139.6879,38.1824],[139.7132,38.2066],[139.7582,38.193],[139.7865,38.1924],[139.811,38.2115],[139.8602,38.2311],[139.8766,38.2618],[139.8999,38.2758],[139.8989,38.2932],[139.875,38.3166],[139.8165,38.356],[139.7896,38.3487],[139.7329,38.3714],[139.7059,38.4076],[139.717,38.421],[139.7207,38.4963],[139.6405,38.5108],[139.6314,38.5218],[139.5994,38.5222],[139.5478,38.5529]]],[[[138.2132,37.8333],[138.2045,37.8202],[138.2444,37.8024],[138.3044,37.8266],[138.3596,37.8305],[138.4272,37.8798],[138.4707,37.897],[138.4991,37.9197],[138.5029,37.9439],[138.5464,38.008],[138.5726,38.0623],[138.5609,38.0863],[138.4802,38.0623],[138.4365,38.0821],[138.4352,38.1148],[138.4501,38.1461],[138.4911,38.2022],[138.5081,38.2635],[138.515,38.3321],[138.4861,38.3312],[138.4531,38.3085],[138.4287,38.2543],[138.4024,38.2544],[138.3875,38.2325],[138.3423,38.1998],[138.3261,38.1973],[138.29,38.1339],[138.271,38.1216],[138.2612,38.0981],[138.2441,38.0889],[138.2332,38.0622],[138.2332,37.9742],[138.2531,37.9642],[138.2742,38.0022],[138.3065,38.0053],[138.3413,37.9778],[138.3293,37.9498],[138.3054,37.9397],[138.2785,37.9075],[138.2899,37.8855],[138.2692,37.8478],[138.2132,37.8333]]]]},"properties":{"name":"新潟県"}},
{"type":"Feature","geometry":{"type":"Polygon","coordinates":[[[137.635,36.9798],[137.5896,36.9752],[137.5746,36.9641],[137.4906,36.9542],[137.4284,36.9265],[137.4098,36.8988],[137.419,36.8806],[137.3928,36.8071],[137.3497,36.7824],[137.3336,36.7627],[137.2966,36.757],[137.2428,36.7656],[137.1872,36.7572],[137.1558,36.7632],[137.1219,36.7795],[137.1246,36.7584],[137.0066,36.8369],[136.991,36.854],[136.9927,36.879],[137.0326,36.9239],[137.027,36.9391],[137.0517,36.9592],[137.0377,36.9671],[136.9866,36.9672],[136.9737,36.9443],[136.954,36.956],[136.9276,36.9476],[136.879,36.9063],[136.8856,36.8852],[136.8487,36.8129],[136.8527,36.7701],[136.8391,36.7451],[136.7892,36.719],[136.8156,36.7],[136.8225,36.6806],[136.7842,36.6271],[136.7953,36.5834],[136.8171,36.5528],[136.7951,36.5108],[136.8026,36.4847],[136.7965,36.4454],[136.7695,36.4307],[136.7697,36.4154],[136.7951,36.4013],[136.806,36.3554],[136.7847,36.3438],[136.7923,36.2992],[136.8266,36.3026],[136.8425,36.3333],[136.8373,36.3473],[136.8751,36.3427],[136.9075,36.3608],[136.9549,36.3394],[136.9733,36.3099],[136.9574,36.28],[136.9752,36.2744],[137.0026,36.2869],[137.0213,36.3092],[137.0506,36.3274],[137.0581,36.371],[137.0949,36.384],[137.1597,36.4564],[137.1909,36.455],[137.2049,36.4368],[137.2314,36.4443],[137.2476,36.462],[137.2564,36.4511],[137.2778,36.4648],[137.3168,36.461],[137.3051,36.4362],[137.3195,36.4245],[137.358,36.4363],[137.3615,36.4501],[137.3949,36.4556],[137.4038,36.4273],[137.4608,36.4122],[137.474,36.4254],[137.5117,36.4234],[137.5409,36.3914],[137.5873,36.3898],[137.6082,36.4195],[137.6333,36.425],[137.6508,36.4801],[137.6687,36.5095],[137.7055,36.5179],[137.7095,36.5362],[137.6846,36.5378],[137.6939,36.5691],[137.7531,36.5937],[137.7439,36.6127],[137.7617,36.667],[137.7501,36.705],[137.7624,36.7662],[137.7543,36.7966],[137.732,36.8236],[137.7321,36.8737],[137.713,36.8938],[137.7205,36.9267],[137.7112,36.9442],[137.6875,36.9432],[137.635,36.9798]]]},"properties":{"name":"富山県"}},
{"type":"Feature","geometry":{"type":"MultiPolygon","coordinates":[[[[137,37.1388],[136.9863,37.151],[136.9264,37.1444],[136.902,37.1522],[136.9069,37.1333],[136.9403,37.1143],[136.9466,37.0989],[136.9754,37.097],[136.9937,37.1176],[137.0414,37.1173],[137.0495,37.1531],[137.0406,37.1681],[137.0243,37.1451],[137,37.1388]]],[[[137.0517,36.9592],[137.0455,37.0377],[137.0545,37.0751],[137.0527,37.106],[137.0299,37.1067],[136.9842,37.0482],[136.9404,37.0679],[136.9376,37.0861],[136.9162,37.0912],[136.884,37.0682],[136.8596,37.0757],[136.8713,37.0886],[136.8676,37.111],[136.8925,37.1105],[136.9006,37.1366],[136.8738,37.1446],[136.8854,37.1649],[136.9296,37.2063],[136.9075,37.219],[136.9426,37.2244],[136.9649,37.2035],[136.991,37.1999],[137.006,37.1835],[137.0316,37.203],[137.0567,37.2081],[137.099,37.279],[137.1445,37.2989],[137.2344,37.2978],[137.2638,37.3254],[137.2662,37.3576],[137.2458,37.3573],[137.237,37.3858],[137.2515,37.4256],[137.2705,37.4383],[137.349,37.4433],[137.3577,37.4645],[137.3408,37.4822],[137.3522,37.5044],[137.3236,37.529],[137.2602,37.5304],[137.2083,37.5062],[137.1452,37.4993],[137.1111,37.4873],[137.0714,37.4554],[137.03,37.4335],[137.0166,37.4339],[136.9263,37.3955],[136.8796,37.4067],[136.8435,37.4003],[136.8019,37.3772],[136.7564,37.3645],[136.7557,37.3525],[136.7219,37.3238],[136.733,37.2846],[136.7043,37.232],[136.6794,37.2054],[136.6741,37.1391],[136.7145,37.1469],[136.7273,37.1351],[136.7296,37.098],[136.7183,37.0796],[136.7235,37.0533],[136.7466,37.0281],[136.7416,37.0163],[136.7684,37],[136.7685,36.9638],[136.75,36.9272],[136.7678,36.9035],[136.7436,36.8271],[136.6802,36.7161],[136.6375,36.6581],[136.5865,36.6093],[136.5851,36.5983],[136.5259,36.5347],[136.4793,36.4902],[136.4139,36.4172],[136.3454,36.3648],[136.2996,36.3517],[136.268,36.3121],[136.2439,36.2953],[136.266,36.2658],[136.2822,36.2657],[136.3324,36.2296],[136.329,36.2033],[136.3425,36.1745],[136.358,36.1651],[136.4093,36.1722],[136.4143,36.1566],[136.4565,36.1363],[136.4833,36.1569],[136.5119,36.1463],[136.5601,36.153],[136.6034,36.1279],[136.6147,36.1083],[136.6421,36.0981],[136.659,36.0689],[136.7543,36.0863],[136.7786,36.1296],[136.7684,36.1642],[136.7984,36.1726],[136.8228,36.202],[136.8504,36.2519],[136.8146,36.2664],[136.7923,36.2992],[136.7847,36.3438],[136.806,36.3554],[136.7951,36.4013],[136.7697,36.4154],[136.7695,36.4307],[136.7965,36.4454],[136.8026,36.4847],[136.7951,36.5108],[136.8171,36.5528],[136.7953,36.5834],[136.7842,36.6271],[136.8225,36.6806],[136.8156,36.7],[136.7892,36.719],[136.8391,36.7451],[136.8527,36.7701],[136.8487,36.8129],[136.8856,36.8852],[136.879,36.9063],[136.9276,36.9476],[136.954,36.956],[136.9737,36.9443],[136.9866,36.9672],[137.0377,36.9671],[137.0517,36.9592]]]]},"properties":{"name":"石川県"}},
{"type":"Feature","geometry":{"type":"Polygon","coordinates":[[[136.2439,36.2953],[136.176,36.2541],[136.1234,36.25],[136.134,36.2038],[136.1144,36.1927],[136.0934,36.1532],[136.0548,36.1279],[136.0323,36.0973],[136.0166,36.0497],[135.9976,36.0192],[135.964,35.9974],[135.9577,35.9818],[135.9967,35.9359],[135.994,35.888],[136.0616,35.8297],[136.0998,35.7792],[136.0986,35.7263],[136.0785,35.7036],[136.0862,35.6853],[136.0718,35.6607],[136.056,35.6567],[136.0255,35.6835],[136.0442,35.6911],[136.0358,35.7394],[136.02,35.7637],[135.9545,35.7227],[135.9712,35.7118],[135.9776,35.6867],[135.9668,35.6597],[135.9856,35.6432],[135.9783,35.6276],[135.9546,35.6291],[135.9232,35.6095],[135.8989,35.624],[135.8702,35.6083],[135.8461,35.6355],[135.8146,35.6421],[135.8535,35.6031],[135.8574,35.5818],[135.8397,35.5631],[135.8032,35.5684],[135.8311,35.5423],[135.7962,35.5261],[135.7508,35.5657],[135.7151,35.57],[135.6901,35.5488],[135.7168,35.5407],[135.7181,35.5197],[135.752,35.5321],[135.7339,35.4931],[135.7142,35.4832],[135.6654,35.4901],[135.6385,35.4797],[135.6285,35.4918],[135.6609,35.5457],[135.6331,35.5375],[135.6206,35.5215],[135.5749,35.4934],[135.5361,35.4889],[135.5073,35.5057],[135.5183,35.5458],[135.4946,35.5222],[135.4682,35.5314],[135.4866,35.5579],[135.4605,35.5485],[135.4499,35.5208],[135.4762,35.5055],[135.4584,35.4689],[135.5101,35.4244],[135.527,35.4184],[135.5275,35.3802],[135.6424,35.3667],[135.701,35.3437],[135.7189,35.3553],[135.7688,35.356],[135.7909,35.3866],[135.8075,35.3854],[135.8132,35.413],[135.8554,35.4095],[135.8645,35.3944],[135.8906,35.4032],[135.893,35.4198],[135.9142,35.4321],[135.9223,35.4858],[135.9396,35.5205],[135.981,35.4867],[136.0067,35.4918],[136.0283,35.5291],[136.0692,35.5262],[136.0832,35.5406],[136.1053,35.5287],[136.1054,35.5554],[136.1216,35.5762],[136.1632,35.5711],[136.1775,35.595],[136.1478,35.6625],[136.1345,35.6698],[136.1514,35.6984],[136.1913,35.7024],[136.2118,35.6824],[136.2344,35.6825],[136.2807,35.6586],[136.2919,35.6841],[136.324,35.7167],[136.3184,35.751],[136.3279,35.7751],[136.3468,35.7762],[136.3767,35.7952],[136.4458,35.7729],[136.4846,35.7751],[136.5062,35.7503],[136.523,35.7882],[136.5723,35.778],[136.5991,35.7985],[136.623,35.7878],[136.6452,35.8068],[136.6543,35.7859],[136.71,35.792],[136.7225,35.8077],[136.7545,35.8092],[136.7893,35.7994],[136.8023,35.844],[136.8324,35.8574],[136.8115,35.9126],[136.7839,35.9278],[136.7891,35.9487],[136.7529,35.9565],[136.7497,35.9909],[136.7271,35.9956],[136.7354,36.0479],[136.7643,36.0677],[136.7543,36.0863],[136.659,36.0689],[136.6421,36.0981],[136.6147,36.1083],[136.6034,36.1279],[136.5601,36.153],[136.5119,36.1463],[136.4833,36.1569],[136.4565,36.1363],[136.4143,36.1566],[136.4093,36.1722],[136.358,36.1651],[136.3425,36.1745],[136.329,36.2033],[136.3324,36.2296],[136.2822,36.2657],[136.266,36.2658],[136.2439,36.2953]]]},"properties":{"name":"福井県"}},
{"type":"Feature","geometry":{"type":"Polygon","coordinates":[[[138.729,35.9092],[138.708,35.9096],[138.6858,35.8939],[138.676,35.8698],[138.6559,35.8759],[138.6108,35.8737],[138.612,35.9094],[138.5912,35.9197],[138.5767,35.9114],[138.5106,35.9223],[138.4898,35.8965],[138.4542,35.9032],[138.4444,35.9177],[138.4543,35.9383],[138.4242,35.959],[138.3705,35.9714],[138.342,35.9257],[138.2836,35.8593],[138.2486,35.8859],[138.1878,35.8],[138.2367,35.7577],[138.1809,35.7112],[138.194,35.6955],[138.1933,35.6723],[138.2187,35.6445],[138.2323,35.6401],[138.2444,35.5635],[138.2595,35.553],[138.2579,35.476],[138.2443,35.4541],[138.2594,35.4311],[138.2581,35.4074],[138.232,35.3712],[138.2513,35.3635],[138.2579,35.3165],[138.2853,35.3043],[138.3245,35.3272],[138.3576,35.3178],[138.3725,35.2994],[138.367,35.2702],[138.3862,35.2462],[138.3943,35.2078],[138.4184,35.1993],[138.4275,35.1827],[138.4777,35.1781],[138.4915,35.1684],[138.5173,35.1986],[138.5332,35.2009],[138.5323,35.2234],[138.5142,35.2622],[138.5217,35.2835],[138.5121,35.3136],[138.5351,35.3306],[138.5318,35.4094],[138.5821,35.4456],[138.5977,35.4318],[138.6091,35.3932],[138.6634,35.3983],[138.6805,35.3577],[138.7308,35.3628],[138.7995,35.3767],[138.8219,35.3742],[138.8508,35.3905],[138.8735,35.3817],[138.9164,35.4006],[138.9282,35.4389],[138.9593,35.4622],[139.0275,35.481],[139.046,35.5097],[139.0858,35.5121],[139.1284,35.5626],[139.1337,35.6158],[139.1173,35.6549],[139.1313,35.672],[139.1056,35.691],[139.0721,35.6954],[139.0225,35.722],[138.9844,35.7678],[138.9703,35.8046],[138.9693,35.8314],[138.9439,35.8548],[138.9109,35.8527],[138.892,35.8398],[138.8566,35.8646],[138.8136,35.8624],[138.7918,35.876],[138.7772,35.9004],[138.729,35.9092]]]},"properties":{"name":"山梨県"}},
{"type":"Feature","geometry":{"type":"Polygon","coordinates":[[[138.6959,36.7385],[138.688,36.7658],[138.6695,36.7737],[138.6958,36.8091],[138.6807,36.8242],[138.6936,36.8524],[138.6178,36.8919],[138.621,36.9041],[138.5962,36.9071],[138.5832,36.9283],[138.5882,36.9769],[138.5659,37.0213],[138.5259,37.0298],[138.4917,37.0205],[138.4551,37.0196],[138.4004,36.9979],[138.3787,36.9803],[138.3645,36.9443],[138.3432,36.9208],[138.3176,36.9252],[138.2963,36.9108],[138.2994,36.8867],[138.2876,36.8457],[138.2684,36.8605],[138.211,36.8686],[138.2034,36.8571],[138.1628,36.8443],[138.1124,36.8495],[138.0814,36.8299],[138.0682,36.8038],[138.0338,36.8088],[138.0035,36.8264],[138.0201,36.8422],[138.0137,36.8604],[138.0316,36.8781],[138.0136,36.9041],[137.9197,36.9199],[137.8933,36.91],[137.8635,36.9129],[137.8617,36.8908],[137.8778,36.8732],[137.831,36.8178],[137.82,36.7982],[137.7624,36.7662],[137.7501,36.705],[137.7617,36.667],[137.7439,36.6127],[137.7531,36.5937],[137.6939,36.5691],[137.6846,36.5378],[137.7095,36.5362],[137.7055,36.5179],[137.6687,36.5095],[137.6508,36.4801],[137.6333,36.425],[137.6082,36.4195],[137.5873,36.3898],[137.5871,36.372],[137.6192,36.3642],[137.6524,36.3218],[137.6478,36.2891],[137.6288,36.2784],[137.573,36.2184],[137.5952,36.1903],[137.5912,36.1641],[137.5547,36.14],[137.5509,36.1099],[137.5723,36.0886],[137.614,36.0764],[137.5983,36.0432],[137.5903,36.0065],[137.5435,35.9829],[137.5421,35.9676],[137.5189,35.9397],[137.5056,35.9406],[137.4754,35.8936],[137.4586,35.8893],[137.4376,35.9051],[137.3808,35.8924],[137.3568,35.8427],[137.3321,35.8407],[137.326,35.8121],[137.3363,35.7988],[137.3918,35.7986],[137.3999,35.7754],[137.4596,35.7614],[137.4852,35.7247],[137.4972,35.6885],[137.5354,35.6658],[137.5454,35.6511],[137.5138,35.608],[137.5383,35.5848],[137.5713,35.5842],[137.5646,35.5664],[137.5745,35.5445],[137.6073,35.5335],[137.6316,35.5089],[137.6324,35.4742],[137.5931,35.4469],[137.6153,35.4308],[137.6337,35.399],[137.5779,35.3901],[137.5984,35.3792],[137.6015,35.331],[137.5565,35.3092],[137.562,35.2893],[137.5504,35.2429],[137.5787,35.2194],[137.5779,35.199],[137.6143,35.2103],[137.6446,35.209],[137.657,35.2283],[137.6813,35.2351],[137.7595,35.2221],[137.7677,35.2069],[137.8381,35.2125],[137.8725,35.2189],[137.8954,35.258],[137.9186,35.2544],[137.9293,35.2755],[137.9673,35.2842],[137.9921,35.3017],[138.0189,35.3011],[138.0261,35.3202],[138.0613,35.3472],[138.0867,35.3377],[138.1151,35.3649],[138.1411,35.3695],[138.1525,35.398],[138.1215,35.4286],[138.1219,35.4564],[138.1569,35.46],[138.1646,35.4939],[138.1402,35.4997],[138.1383,35.5222],[138.1594,35.5449],[138.1461,35.557],[138.1621,35.5813],[138.1844,35.5731],[138.2061,35.6084],[138.2034,35.6322],[138.2187,35.6445],[138.1933,35.6723],[138.194,35.6955],[138.1809,35.7112],[138.2367,35.7577],[138.1878,35.8],[138.2486,35.8859],[138.2836,35.8593],[138.342,35.9257],[138.3705,35.9714],[138.4242,35.959],[138.4543,35.9383],[138.4444,35.9177],[138.4542,35.9032],[138.4898,35.8965],[138.5106,35.9223],[138.5767,35.9114],[138.5912,35.9197],[138.612,35.9094],[138.6108,35.8737],[138.6559,35.8759],[138.676,35.8698],[138.6858,35.8939],[138.708,35.9096],[138.729,35.9092],[138.7393,35.9391],[138.7114,35.9713],[138.7126,35.9853],[138.6908,35.9908],[138.6797,36.0116],[138.6315,36.0283],[138.6442,36.0496],[138.6306,36.0913],[138.6475,36.1059],[138.6341,36.134],[138.6007,36.1356],[138.5773,36.1681],[138.6048,36.1642],[138.6371,36.1749],[138.6228,36.1969],[138.636,36.2067],[138.6119,36.2294],[138.6003,36.2784],[138.6535,36.3031],[138.6466,36.4108],[138.6079,36.4232],[138.5562,36.4182],[138.5406,36.4028],[138.5054,36.4148],[138.489,36.4009],[138.4596,36.4048],[138.457,36.4202],[138.4014,36.434],[138.3971,36.4906],[138.4114,36.5395],[138.4288,36.5562],[138.4203,36.5737],[138.4288,36.5979],[138.455,36.6139],[138.4591,36.6348],[138.5249,36.6509],[138.5343,36.6663],[138.5143,36.6908],[138.5436,36.7038],[138.6959,36.7385]]]},"properties":{"name":"長野県"}},
{"type":"Feature","geometry":{"type":"Polygon","coordinates":[[[136.7923,36.2992],[136.8146,36.2664],[136.8504,36.2519],[136.8228,36.202],[136.7984,36.1726],[136.7684,36.1642],[136.7786,36.1296],[136.7543,36.0863],[136.7643,36.0677],[136.7354,36.0479],[136.7271,35.9956],[136.7497,35.9909],[136.7529,35.9565],[136.7891,35.9487],[136.7839,35.9278],[136.8115,35.9126],[136.8324,35.8574],[136.8023,35.844],[136.7893,35.7994],[136.7545,35.8092],[136.7225,35.8077],[136.71,35.792],[136.6543,35.7859],[136.6452,35.8068],[136.623,35.7878],[136.5991,35.7985],[136.5723,35.778],[136.523,35.7882],[136.5062,35.7503],[136.4846,35.7751],[136.4458,35.7729],[136.3767,35.7952],[136.3468,35.7762],[136.3279,35.7751],[136.3184,35.751],[136.324,35.7167],[136.2919,35.6841],[136.2807,35.6586],[136.2886,35.6206],[136.3237,35.6165],[136.3221,35.5443],[136.3551,35.5387],[136.3736,35.5594],[136.3843,35.5331],[136.4056,35.5134],[136.3869,35.4884],[136.4204,35.4662],[136.4262,35.4482],[136.4118,35.4186],[136.4443,35.3896],[136.4119,35.3699],[136.4223,35.3484],[136.4123,35.3156],[136.3911,35.2902],[136.3969,35.2579],[136.3773,35.2434],[136.4151,35.2177],[136.4309,35.2294],[136.4407,35.2167],[136.4658,35.2375],[136.506,35.2351],[136.5342,35.2571],[136.5597,35.2068],[136.5852,35.1945],[136.6156,35.1499],[136.6444,35.1444],[136.6463,35.1658],[136.6728,35.1348],[136.6723,35.1888],[136.6831,35.1998],[136.6779,35.2415],[136.7283,35.2997],[136.7591,35.3572],[136.7757,35.3696],[136.8343,35.356],[136.8649,35.3726],[136.9143,35.3778],[136.9617,35.3998],[136.9644,35.4209],[136.9913,35.4246],[136.9783,35.4032],[137.0498,35.3596],[137.0463,35.3396],[137.073,35.3265],[137.0668,35.309],[137.0813,35.2922],[137.101,35.3016],[137.1626,35.2832],[137.1764,35.2604],[137.2,35.2515],[137.2609,35.2754],[137.2627,35.2852],[137.3081,35.2897],[137.3446,35.2737],[137.3505,35.2572],[137.3851,35.2587],[137.3882,35.2401],[137.4168,35.2404],[137.4347,35.2241],[137.4843,35.2574],[137.562,35.2893],[137.5565,35.3092],[137.6015,35.331],[137.5984,35.3792],[137.5779,35.3901],[137.6337,35.399],[137.6153,35.4308],[137.5931,35.4469],[137.6324,35.4742],[137.6316,35.5089],[137.6073,35.5335],[137.5745,35.5445],[137.5646,35.5664],[137.5713,35.5842],[137.5383,35.5848],[137.5138,35.608],[137.5454,35.6511],[137.5354,35.6658],[137.4972,35.6885],[137.4852,35.7247],[137.4596,35.7614],[137.3999,35.7754],[137.3918,35.7986],[137.3363,35.7988],[137.326,35.8121],[137.3321,35.8407],[137.3568,35.8427],[137.3808,35.8924],[137.4376,35.9051],[137.4586,35.8893],[137.4754,35.8936],[137.5056,35.9406],[137.5189,35.9397],[137.5421,35.9676],[137.5435,35.9829],[137.5903,36.0065],[137.5983,36.0432],[137.614,36.0764],[137.5723,36.0886],[137.5509,36.1099],[137.5547,36.14],[137.5912,36.1641],[137.5952,36.1903],[137.573,36.2184],[137.6288,36.2784],[137.6478,36.2891],[137.6524,36.3218],[137.6192,36.3642],[137.5871,36.372],[137.5873,36.3898],[137.5409,36.3914],[137.5117,36.4234],[137.474,36.4254],[137.4608,36.4122],[137.4038,36.4273],[137.3949,36.4556],[137.3615,36.4501],[137.358,36.4363],[137.3195,36.4245],[137.3051,36.4362],[137.3168,36.461],[137.2778,36.4648],[137.2564,36.4511],[137.2476,36.462],[137.2314,36.4443],[137.2049,36.4368],[137.1909,36.455],[137.1597,36.4564],[137.0949,36.384],[137.0581,36.371],[137.0506,36.3274],[137.0213,36.3092],[137.0026,36.2869],[136.9752,36.2744],[136.9574,36.28],[136.9733,36.3099],[136.9549,36.3394],[136.9075,36.3608],[136.8751,36.3427],[136.8373,36.3473],[136.8425,36.3333],[136.8266,36.3026],[136.7923,36.2992]]]},"properties":{"name":"岐阜県"}},
{"type":"Feature","geometry":{"type":"Polygon","coordinates":[[[138.9164,35.4006],[138.8735,35.3817],[138.8508,35.3905],[138.8219,35.3742],[138.7995,35.3767],[138.7308,35.3628],[138.6805,35.3577],[138.6634,35.3983],[138.6091,35.3932],[138.5977,35.4318],[138.5821,35.4456],[138.5318,35.4094],[138.5351,35.3306],[138.5121,35.3136],[138.5217,35.2835],[138.5142,35.2622],[138.5323,35.2234],[138.5332,35.2009],[138.5173,35.1986],[138.4915,35.1684],[138.4777,35.1781],[138.4275,35.1827],[138.4184,35.1993],[138.3943,35.2078],[138.3862,35.2462],[138.367,35.2702],[138.3725,35.2994],[138.3576,35.3178],[138.3245,35.3272],[138.2853,35.3043],[138.2579,35.3165],[138.2513,35.3635],[138.232,35.3712],[138.2581,35.4074],[138.2594,35.4311],[138.2443,35.4541],[138.2579,35.476],[138.2595,35.553],[138.2444,35.5635],[138.2323,35.6401],[138.2187,35.6445],[138.2034,35.6322],[138.2061,35.6084],[138.1844,35.5731],[138.1621,35.5813],[138.1461,35.557],[138.1594,35.5449],[138.1383,35.5222],[138.1402,35.4997],[138.1646,35.4939],[138.1569,35.46],[138.1219,35.4564],[138.1215,35.4286],[138.1525,35.398],[138.1411,35.3695],[138.1151,35.3649],[138.0867,35.3377],[138.0613,35.3472],[138.0261,35.3202],[138.0189,35.3011],[137.9921,35.3017],[137.9673,35.2842],[137.9293,35.2755],[137.9186,35.2544],[137.8954,35.258],[137.8725,35.2189],[137.8381,35.2125],[137.8032,35.1831],[137.8255,35.1682],[137.8149,35.1405],[137.7969,35.1365],[137.8013,35.1066],[137.7795,35.099],[137.7757,35.078],[137.7173,35.0351],[137.701,35.0035],[137.7081,34.9945],[137.6755,34.9454],[137.6595,34.9446],[137.6413,34.8931],[137.5975,34.8725],[137.587,34.85],[137.5516,34.8519],[137.5,34.8313],[137.487,34.8117],[137.4929,34.7869],[137.4767,34.7748],[137.4741,34.7499],[137.4918,34.7025],[137.485,34.6741],[137.5714,34.6802],[137.7232,34.663],[137.7775,34.6476],[137.8112,34.6474],[137.8535,34.6585],[137.9249,34.6681],[137.9834,34.6638],[138.0859,34.6404],[138.1794,34.6075],[138.2272,34.5951],[138.1942,34.6391],[138.1954,34.6646],[138.2146,34.7099],[138.2331,34.7316],[138.2891,34.7624],[138.3345,34.8244],[138.3244,34.8726],[138.3574,34.915],[138.4111,34.9408],[138.4697,34.9597],[138.5075,34.9776],[138.5335,35.013],[138.5158,35.0209],[138.4977,34.9962],[138.4945,35.0323],[138.5345,35.0561],[138.5515,35.0926],[138.5787,35.1118],[138.6454,35.1177],[138.6989,35.1364],[138.7844,35.1241],[138.8338,35.1036],[138.8761,35.066],[138.887,35.0468],[138.906,35.0472],[138.8831,35.0252],[138.8443,35.0144],[138.7854,35.0269],[138.7643,34.9724],[138.768,34.9491],[138.7893,34.9064],[138.7566,34.8854],[138.7598,34.8429],[138.7534,34.8],[138.7763,34.7557],[138.7393,34.7266],[138.7423,34.6878],[138.756,34.6917],[138.7897,34.6695],[138.7715,34.6489],[138.8435,34.6009],[138.8487,34.6128],[138.9124,34.6348],[138.9183,34.6527],[138.9591,34.6766],[138.9559,34.6564],[138.9873,34.6589],[138.9733,34.6876],[139.0046,34.7514],[139.0581,34.7855],[139.0783,34.8195],[139.0769,34.8416],[139.1038,34.8702],[139.1321,34.8797],[139.1479,34.9359],[139.1445,34.9561],[139.1058,34.9699],[139.083,35.0004],[139.0959,35.0071],[139.1002,35.045],[139.0694,35.054],[139.0771,35.0981],[139.1116,35.1414],[139.0304,35.1498],[139.0291,35.1703],[138.9877,35.2008],[138.9755,35.2638],[139.003,35.2894],[139.019,35.3293],[139.0108,35.3382],[139.0018,35.3989],[138.9936,35.4035],[138.9164,35.4006]]]},"properties":{"name":"静岡県"}},
{"type":"Feature","geometry":{"type":"MultiPolygon","coordinates":[[[[136.8,34.8714],[136.807,34.8402],[136.8245,34.8487],[136.8154,34.8721],[136.8,34.8714]]],[[[136.8108,35.0304],[136.839,35.0302],[136.8309,35.0494],[136.81,35.0493],[136.8108,35.0304]]],[[[137.562,35.2893],[137.4843,35.2574],[137.4347,35.2241],[137.4168,35.2404],[137.3882,35.2401],[137.3851,35.2587],[137.3505,35.2572],[137.3446,35.2737],[137.3081,35.2897],[137.2627,35.2852],[137.2609,35.2754],[137.2,35.2515],[137.1764,35.2604],[137.1626,35.2832],[137.101,35.3016],[137.0813,35.2922],[137.0668,35.309],[137.073,35.3265],[137.0463,35.3396],[137.0498,35.3596],[136.9783,35.4032],[136.9913,35.4246],[136.9644,35.4209],[136.9617,35.3998],[136.9143,35.3778],[136.8649,35.3726],[136.8343,35.356],[136.7757,35.3696],[136.7591,35.3572],[136.7283,35.2997],[136.6779,35.2415],[136.6831,35.1998],[136.6723,35.1888],[136.6728,35.1348],[136.6952,35.1246],[136.7496,35.0807],[136.7534,35.053],[136.7706,35.0214],[136.7939,35.0145],[136.7969,35.0515],[136.8301,35.0502],[136.8273,35.0829],[136.8473,35.083],[136.8426,35.0593],[136.8555,35.0566],[136.8685,35.0882],[136.892,35.0925],[136.8896,35.0703],[136.8463,34.999],[136.8205,34.9663],[136.8289,34.9614],[136.8217,34.8842],[136.8496,34.87],[136.8666,34.838],[136.842,34.7624],[136.8608,34.7388],[136.9334,34.7022],[136.9715,34.6967],[136.9701,34.7251],[136.9148,34.7701],[136.92,34.811],[136.9354,34.83],[136.9442,34.8809],[136.9693,34.9012],[136.981,34.9568],[136.9774,34.8946],[136.9553,34.8548],[136.9644,34.8228],[136.997,34.8165],[137.0253,34.778],[137.0763,34.7871],[137.0877,34.7753],[137.1177,34.79],[137.1894,34.7757],[137.1986,34.8111],[137.2229,34.8168],[137.2532,34.8059],[137.2928,34.8045],[137.3085,34.7788],[137.3256,34.7855],[137.3203,34.7328],[137.3086,34.7246],[137.3158,34.6885],[137.3009,34.6938],[137.3009,34.7281],[137.2848,34.7309],[137.2455,34.7062],[137.2236,34.6756],[137.2063,34.6779],[137.1698,34.6565],[137.1315,34.6564],[137.1194,34.6346],[137.0683,34.6612],[137.0596,34.6532],[137.0181,34.5784],[137.0947,34.5908],[137.1429,34.5902],[137.3089,34.6397],[137.4354,34.6667],[137.485,34.6741],[137.4918,34.7025],[137.4741,34.7499],[137.4767,34.7748],[137.4929,34.7869],[137.487,34.8117],[137.5,34.8313],[137.5516,34.8519],[137.587,34.85],[137.5975,34.8725],[137.6413,34.8931],[137.6595,34.9446],[137.6755,34.9454],[137.7081,34.9945],[137.701,35.0035],[137.7173,35.0351],[137.7757,35.078],[137.7795,35.099],[137.8013,35.1066],[137.7969,35.1365],[137.8149,35.1405],[137.8255,35.1682],[137.8032,35.1831],[137.8381,35.2125],[137.7677,35.2069],[137.7595,35.2221],[137.6813,35.2351],[137.657,35.2283],[137.6446,35.209],[137.6143,35.2103],[137.5779,35.199],[137.5787,35.2194],[137.5504,35.2429],[137.562,35.2893]]]]},"properties":{"name":"愛知県"}},
{"type":"Feature","geometry":{"type":"MultiPolygon","coordinates":[[[[136.875,34.5246],[136.847,34.5077],[136.904,34.5196],[136.8981,34.5389],[136.875,34.5246]]],[[[136.4151,35.2177],[136.4099,35.1865],[136.4526,35.1658],[136.4356,35.1307],[136.448,35.1238],[136.4353,35.0825],[136.4386,35.0655],[136.4179,35.0495],[136.4214,35.0001],[136.3948,34.9514],[136.3727,34.9423],[136.3661,34.905],[136.2891,34.8696],[136.2771,34.8742],[136.2507,34.8577],[136.1822,34.8782],[136.1784,34.8871],[136.1315,34.8831],[136.1123,34.9019],[136.087,34.8764],[136.1221,34.8728],[136.1264,34.862],[136.0876,34.8305],[136.0952,34.8191],[136.073,34.8042],[136.0223,34.7916],[136.0302,34.7559],[136.0555,34.7386],[136.0711,34.7147],[136.0542,34.7062],[136.0751,34.6977],[136.0865,34.6753],[136.0645,34.652],[136.0736,34.6341],[136.0466,34.6006],[136.0465,34.5852],[136.1136,34.5464],[136.1555,34.5597],[136.1718,34.5348],[136.1677,34.5209],[136.2166,34.528],[136.2156,34.4812],[136.2054,34.4483],[136.1313,34.4451],[136.0887,34.4287],[136.0693,34.3893],[136.0861,34.3796],[136.1024,34.336],[136.1295,34.3162],[136.0949,34.3015],[136.0978,34.2888],[136.1318,34.2519],[136.1097,34.2242],[136.1155,34.2108],[136.0927,34.1904],[136.1089,34.1851],[136.1147,34.1608],[136.1019,34.1413],[136.1024,34.096],[136.0939,34.0666],[136.1045,34.027],[136.023,34.0365],[136.0036,34.0099],[135.9962,34.0023],[136.0134,33.9742],[135.9992,33.9558],[135.9854,33.9686],[135.9698,33.93],[135.9295,33.9414],[135.9091,33.9185],[135.8808,33.9094],[135.8976,33.8697],[135.8748,33.8616],[135.8579,33.8732],[135.8559,33.8203],[135.8909,33.8017],[135.9057,33.7685],[135.9399,33.7386],[135.9761,33.7231],[135.9833,33.7364],[136.0119,33.7233],[136.046,33.8057],[136.0768,33.8577],[136.1067,33.8901],[136.1305,33.8851],[136.1508,33.9002],[136.1504,33.9314],[136.1707,33.9127],[136.198,33.9221],[136.2034,33.944],[136.2318,33.9463],[136.2102,33.9985],[136.2481,33.9854],[136.2628,33.9671],[136.2723,33.9884],[136.2532,34.0068],[136.2809,34.0227],[136.2444,34.0384],[136.2416,34.0636],[136.211,34.063],[136.2016,34.077],[136.2369,34.0893],[136.2481,34.1029],[136.2737,34.0828],[136.2983,34.0905],[136.3078,34.1134],[136.2926,34.1125],[136.2765,34.1395],[136.3029,34.1797],[136.3317,34.1803],[136.3515,34.2106],[136.3623,34.1894],[136.3917,34.2191],[136.3989,34.2029],[136.4294,34.2196],[136.4555,34.2216],[136.4535,34.2451],[136.482,34.2199],[136.5067,34.2364],[136.5056,34.279],[136.5246,34.2671],[136.5387,34.2789],[136.5458,34.2532],[136.5588,34.2853],[136.5971,34.2909],[136.5787,34.2796],[136.5859,34.2575],[136.655,34.2871],[136.6745,34.3121],[136.6404,34.308],[136.6593,34.3263],[136.6614,34.3455],[136.6868,34.3366],[136.7267,34.3432],[136.6908,34.3101],[136.69,34.2876],[136.714,34.3014],[136.7509,34.2931],[136.7751,34.3057],[136.7804,34.2909],[136.81,34.2965],[136.8029,34.3189],[136.8338,34.3059],[136.8296,34.271],[136.785,34.2784],[136.752,34.2725],[136.7654,34.2606],[136.8474,34.25],[136.8686,34.2718],[136.8996,34.2769],[136.8789,34.3253],[136.8921,34.3656],[136.8654,34.345],[136.852,34.3712],[136.898,34.3787],[136.9268,34.4147],[136.9246,34.4442],[136.9101,34.4548],[136.8829,34.4398],[136.8681,34.4558],[136.8666,34.4811],[136.8473,34.4805],[136.8342,34.5037],[136.8161,34.4844],[136.8089,34.5083],[136.7653,34.5135],[136.716,34.5445],[136.6669,34.5583],[136.6471,34.5888],[136.5539,34.6145],[136.5299,34.6085],[136.5492,34.631],[136.5485,34.6663],[136.5211,34.6985],[136.5313,34.7468],[136.5549,34.788],[136.6155,34.8533],[136.6473,34.908],[136.6376,34.9464],[136.6604,35.001],[136.7,35.0072],[136.6977,35.0203],[136.7495,35.0365],[136.7706,35.0214],[136.7534,35.053],[136.7496,35.0807],[136.6952,35.1246],[136.6728,35.1348],[136.6463,35.1658],[136.6444,35.1444],[136.6156,35.1499],[136.5852,35.1945],[136.5597,35.2068],[136.5342,35.2571],[136.506,35.2351],[136.4658,35.2375],[136.4407,35.2167],[136.4309,35.2294],[136.4151,35.2177]]]]},"properties":{"name":"三重県"}},
{"type":"Feature","geometry":{"type":"Polygon","coordinates":[[[135.7688,35.356],[135.7909,35.3238],[135.8088,35.3169],[135.8346,35.2741],[135.8608,35.283],[135.8309,35.2228],[135.8468,35.1624],[135.8568,35.1536],[135.8349,35.0556],[135.8159,35.0474],[135.8523,34.9713],[135.8754,34.9537],[135.8666,34.8921],[135.8997,34.8714],[135.9403,34.8924],[135.941,34.8637],[135.9715,34.8385],[136.0008,34.8451],[136.0054,34.8266],[136.0277,34.8218],[136.0103,34.7996],[136.0223,34.7916],[136.073,34.8042],[136.0952,34.8191],[136.0876,34.8305],[136.1264,34.862],[136.1221,34.8728],[136.087,34.8764],[136.1123,34.9019],[136.1315,34.8831],[136.1784,34.8871],[136.1822,34.8782],[136.2507,34.8577],[136.2771,34.8742],[136.2891,34.8696],[136.3661,34.905],[136.3727,34.9423],[136.3948,34.9514],[136.4214,35.0001],[136.4179,35.0495],[136.4386,35.0655],[136.4353,35.0825],[136.448,35.1238],[136.4356,35.1307],[136.4526,35.1658],[136.4099,35.1865],[136.4151,35.2177],[136.3773,35.2434],[136.3969,35.2579],[136.3911,35.2902],[136.4123,35.3156],[136.4223,35.3484],[136.4119,35.3699],[136.4443,35.3896],[136.4118,35.4186],[136.4262,35.4482],[136.4204,35.4662],[136.3869,35.4884],[136.4056,35.5134],[136.3843,35.5331],[136.3736,35.5594],[136.3551,35.5387],[136.3221,35.5443],[136.3237,35.6165],[136.2886,35.6206],[136.2807,35.6586],[136.2344,35.6825],[136.2118,35.6824],[136.1913,35.7024],[136.1514,35.6984],[136.1345,35.6698],[136.1478,35.6625],[136.1775,35.595],[136.1632,35.5711],[136.1216,35.5762],[136.1054,35.5554],[136.1053,35.5287],[136.0832,35.5406],[136.0692,35.5262],[136.0283,35.5291],[136.0067,35.4918],[135.981,35.4867],[135.9396,35.5205],[135.9223,35.4858],[135.9142,35.4321],[135.893,35.4198],[135.8906,35.4032],[135.8645,35.3944],[135.8554,35.4095],[135.8132,35.413],[135.8075,35.3854],[135.7909,35.3866],[135.7688,35.356]]]},"properties":{"name":"滋賀県"}},
{"type":"Feature","geometry":{"type":"Polygon","coordinates":[[[135.4866,35.5579],[135.4518,35.5677],[135.4627,35.6037],[135.4337,35.5895],[135.4265,35.5665],[135.3794,35.562],[135.3363,35.5321],[135.3435,35.5042],[135.3797,35.5025],[135.3889,35.5164],[135.3949,35.4845],[135.3503,35.4908],[135.3473,35.4751],[135.3134,35.4524],[135.3347,35.5057],[135.3234,35.5257],[135.3103,35.5122],[135.2861,35.5168],[135.2693,35.5333],[135.2456,35.5353],[135.2383,35.5554],[135.2748,35.5602],[135.251,35.5704],[135.2477,35.5875],[135.2278,35.5853],[135.2076,35.5628],[135.2018,35.5376],[135.1897,35.5667],[135.2144,35.5983],[135.2448,35.6207],[135.2676,35.6668],[135.2989,35.679],[135.3065,35.6992],[135.2863,35.705],[135.2876,35.7259],[135.2572,35.7444],[135.2211,35.7788],[135.1619,35.7538],[135.0858,35.7399],[135.0853,35.7258],[135.0256,35.6895],[134.9864,35.6921],[134.9631,35.6622],[134.9286,35.6475],[134.8837,35.6466],[134.8675,35.6582],[134.8739,35.6212],[134.8627,35.5869],[134.8811,35.564],[134.9193,35.5381],[134.9301,35.5117],[134.9634,35.5145],[134.9934,35.5343],[135.03,35.5403],[135.0452,35.5087],[135.0324,35.4976],[135.0498,35.4511],[135.0487,35.4074],[135.03,35.4101],[135.0192,35.3941],[134.9906,35.3857],[134.9461,35.4133],[134.923,35.3911],[134.9172,35.3402],[134.9213,35.3174],[134.9601,35.2979],[135.0073,35.2856],[135.0094,35.2709],[135.0558,35.2595],[135.0679,35.2374],[135.1093,35.2663],[135.1573,35.2612],[135.167,35.2427],[135.1547,35.2267],[135.1821,35.216],[135.2001,35.1955],[135.1873,35.1719],[135.2066,35.1606],[135.232,35.1775],[135.2741,35.1772],[135.2922,35.1613],[135.2937,35.1416],[135.341,35.1497],[135.3432,35.1356],[135.3898,35.1288],[135.3877,35.0992],[135.3995,35.0761],[135.3766,35.066],[135.3712,35.0453],[135.3816,35.0104],[135.4362,35.0084],[135.4819,34.9951],[135.4904,34.9418],[135.5147,34.9437],[135.5411,34.9153],[135.5727,34.9165],[135.5647,34.933],[135.5709,34.9698],[135.6133,34.9712],[135.6188,34.9588],[135.5997,34.9281],[135.6238,34.9349],[135.6507,34.923],[135.6485,34.9095],[135.6746,34.9002],[135.6957,34.8482],[135.7102,34.8466],[135.7466,34.8012],[135.7286,34.778],[135.7334,34.7548],[135.7548,34.7283],[135.792,34.7247],[135.8198,34.7117],[135.8902,34.7094],[135.9162,34.7537],[135.9429,34.7375],[135.9549,34.7483],[135.9836,34.7345],[135.9862,34.7153],[136.0288,34.7063],[136.0419,34.7343],[136.0555,34.7386],[136.0302,34.7559],[136.0223,34.7916],[136.0103,34.7996],[136.0277,34.8218],[136.0054,34.8266],[136.0008,34.8451],[135.9715,34.8385],[135.941,34.8637],[135.9403,34.8924],[135.8997,34.8714],[135.8666,34.8921],[135.8754,34.9537],[135.8523,34.9713],[135.8159,35.0474],[135.8349,35.0556],[135.8568,35.1536],[135.8468,35.1624],[135.8309,35.2228],[135.8608,35.283],[135.8346,35.2741],[135.8088,35.3169],[135.7909,35.3238],[135.7688,35.356],[135.7189,35.3553],[135.701,35.3437],[135.6424,35.3667],[135.5275,35.3802],[135.527,35.4184],[135.5101,35.4244],[135.4584,35.4689],[135.4762,35.5055],[135.4499,35.5208],[135.4605,35.5485],[135.4866,35.5579]]]},"properties":{"name":"京都府"}},
{"type":"Feature","geometry":{"type":"MultiPolygon","coordinates":[[[[135.2595,34.4435],[135.2416,34.4552],[135.2012,34.4281],[135.2217,34.4334],[135.2277,34.4135],[135.265,34.4379],[135.2595,34.4435]]],[[[135.4,34.5355],[135.4177,34.5242],[135.4093,34.5543],[135.4,34.5355]]],[[[135.4,34.6314],[135.4222,34.6219],[135.4393,34.6412],[135.4165,34.6448],[135.4,34.6314]]],[[[135.3712,35.0453],[135.3495,35.0509],[135.3311,35.0357],[135.3547,35.0246],[135.3451,34.9668],[135.3819,34.9562],[135.3924,34.9414],[135.4416,34.9394],[135.4654,34.9196],[135.4191,34.9098],[135.4436,34.8989],[135.4314,34.8564],[135.418,34.8523],[135.416,34.8177],[135.4427,34.791],[135.4593,34.7335],[135.4073,34.6971],[135.4223,34.6796],[135.4205,34.6602],[135.4499,34.6467],[135.4476,34.6179],[135.4313,34.6218],[135.4518,34.5919],[135.4494,34.568],[135.4021,34.5997],[135.4105,34.5607],[135.4448,34.5572],[135.4319,34.5323],[135.3901,34.5055],[135.3783,34.5319],[135.3672,34.517],[135.3774,34.4865],[135.3535,34.4514],[135.3284,34.4299],[135.2571,34.3817],[135.2234,34.3475],[135.1306,34.3262],[135.0928,34.312],[135.1103,34.2738],[135.1845,34.2789],[135.2052,34.2886],[135.2094,34.308],[135.225,34.3009],[135.2542,34.3158],[135.2828,34.3179],[135.2916,34.2995],[135.3462,34.3305],[135.3868,34.3291],[135.4092,34.3419],[135.4657,34.3473],[135.4854,34.3628],[135.5035,34.3365],[135.5544,34.3594],[135.5771,34.376],[135.6511,34.3832],[135.6802,34.4089],[135.6653,34.4242],[135.6786,34.4324],[135.6848,34.4836],[135.6769,34.5255],[135.6628,34.5296],[135.6569,34.5623],[135.6818,34.5848],[135.6749,34.6017],[135.6523,34.6039],[135.6649,34.6527],[135.6787,34.6778],[135.6734,34.7023],[135.704,34.7236],[135.6978,34.7495],[135.712,34.7813],[135.7286,34.778],[135.7466,34.8012],[135.7102,34.8466],[135.6957,34.8482],[135.6746,34.9002],[135.6485,34.9095],[135.6507,34.923],[135.6238,34.9349],[135.5997,34.9281],[135.6188,34.9588],[135.6133,34.9712],[135.5709,34.9698],[135.5647,34.933],[135.5727,34.9165],[135.5411,34.9153],[135.5147,34.9437],[135.4904,34.9418],[135.4819,34.9951],[135.4362,35.0084],[135.3816,35.0104],[135.3712,35.0453]]]]},"properties":{"name":"大阪府"}},
{"type":"Feature","geometry":{"type":"MultiPolygon","coordinates":[[[[134.7217,34.25],[134.6998,34.2222],[134.7282,34.209],[134.7341,34.1887],[134.7752,34.2005],[134.8004,34.2],[134.8463,34.231],[134.8984,34.2522],[134.9516,34.2665],[134.944,34.2971],[134.9182,34.3173],[134.9149,34.3365],[134.8937,34.3532],[134.8947,34.399],[134.9028,34.4209],[134.9398,34.4587],[134.9584,34.4888],[134.9927,34.5225],[134.9955,34.5456],[135.0257,34.5766],[135.0022,34.6092],[134.9841,34.6036],[134.9351,34.5494],[134.8877,34.5303],[134.836,34.4667],[134.8186,34.4683],[134.7985,34.4487],[134.7638,34.3869],[134.755,34.3848],[134.7309,34.3346],[134.7061,34.3211],[134.6899,34.3293],[134.6622,34.2969],[134.6594,34.2724],[134.6759,34.2562],[134.6665,34.2456],[134.7217,34.25]]],[[[135.2019,34.6667],[135.2172,34.6501],[135.2451,34.6508],[135.22,34.6828],[135.2019,34.6667]]],[[[134.5,34.6444],[134.496,34.6679],[134.4638,34.6642],[134.4585,34.6453],[134.5,34.6444]]],[[[134.5265,34.6667],[134.5455,34.6609],[134.5461,34.6793],[134.5105,34.6767],[134.5265,34.6667]]],[[[135.2583,34.6782],[135.2905,34.6817],[135.2882,34.6967],[135.2522,34.6933],[135.2583,34.6782]]],[[[134.8675,35.6582],[134.8394,35.6429],[134.7954,35.6696],[134.7842,35.661],[134.7076,35.6535],[134.664,35.6668],[134.6163,35.6393],[134.6007,35.658],[134.5582,35.6511],[134.539,35.6702],[134.5055,35.6614],[134.4299,35.6204],[134.3699,35.6146],[134.4083,35.5891],[134.4051,35.5707],[134.4215,35.5629],[134.4246,35.5398],[134.4131,35.5176],[134.4276,35.5087],[134.4396,35.444],[134.4799,35.425],[134.4714,35.38],[134.5135,35.3541],[134.5019,35.3265],[134.5148,35.3077],[134.5152,35.2772],[134.4765,35.2491],[134.4353,35.2292],[134.4028,35.241],[134.3825,35.2217],[134.3837,35.1939],[134.4111,35.187],[134.407,35.1473],[134.3674,35.147],[134.3472,35.091],[134.3191,35.0834],[134.3163,35.0432],[134.2812,35.0369],[134.2658,35.005],[134.2855,34.9969],[134.2696,34.9787],[134.277,34.9633],[134.2537,34.9391],[134.2761,34.9297],[134.2949,34.904],[134.2624,34.882],[134.2546,34.8493],[134.2663,34.8256],[134.2833,34.8297],[134.3164,34.8026],[134.3158,34.781],[134.3331,34.7657],[134.313,34.7384],[134.3217,34.7219],[134.3685,34.7448],[134.3734,34.7329],[134.4163,34.7312],[134.4343,34.7476],[134.4331,34.7662],[134.4735,34.756],[134.4997,34.7745],[134.5047,34.7612],[134.5268,34.7827],[134.57,34.758],[134.5848,34.7687],[134.6287,34.7784],[134.6457,34.7673],[134.6608,34.7838],[134.6877,34.7712],[134.7115,34.7766],[134.7661,34.7606],[134.7664,34.7526],[134.8266,34.7064],[134.8471,34.7154],[134.9814,34.6422],[135.0185,34.6432],[135.0456,34.6248],[135.1229,34.6424],[135.1833,34.6496],[135.1901,34.6855],[135.235,34.6985],[135.2881,34.704],[135.3359,34.7257],[135.3609,34.7058],[135.3632,34.6885],[135.4073,34.6971],[135.4593,34.7335],[135.4427,34.791],[135.416,34.8177],[135.418,34.8523],[135.4314,34.8564],[135.4436,34.8989],[135.4191,34.9098],[135.4654,34.9196],[135.4416,34.9394],[135.3924,34.9414],[135.3819,34.9562],[135.3451,34.9668],[135.3547,35.0246],[135.3311,35.0357],[135.3495,35.0509],[135.3712,35.0453],[135.3766,35.066],[135.3995,35.0761],[135.3877,35.0992],[135.3898,35.1288],[135.3432,35.1356],[135.341,35.1497],[135.2937,35.1416],[135.2922,35.1613],[135.2741,35.1772],[135.232,35.1775],[135.2066,35.1606],[135.1873,35.1719],[135.2001,35.1955],[135.1821,35.216],[135.1547,35.2267],[135.167,35.2427],[135.1573,35.2612],[135.1093,35.2663],[135.0679,35.2374],[135.0558,35.2595],[135.0094,35.2709],[135.0073,35.2856],[134.9601,35.2979],[134.9213,35.3174],[134.9172,35.3402],[134.923,35.3911],[134.9461,35.4133],[134.9906,35.3857],[135.0192,35.3941],[135.03,35.4101],[135.0487,35.4074],[135.0498,35.4511],[135.0324,35.4976],[135.0452,35.5087],[135.03,35.5403],[134.9934,35.5343],[134.9634,35.5145],[134.9301,35.5117],[134.9193,35.5381],[134.8811,35.564],[134.8627,35.5869],[134.8739,35.6212],[134.8675,35.6582]]]]},"properties":{"name":"兵庫県"}},
{"type":"Feature","geometry":{"type":"Polygon","coordinates":[[[135.8748,33.8616],[135.8827,33.8789],[135.8615,33.8871],[135.8689,33.9145],[135.8808,33.9094],[135.9091,33.9185],[135.8938,33.9501],[135.9266,33.9814],[135.954,33.9803],[135.9846,33.9916],[136.0036,34.0099],[136.023,34.0365],[136.1045,34.027],[136.0939,34.0666],[136.1024,34.096],[136.1019,34.1413],[136.1147,34.1608],[136.1089,34.1851],[136.0927,34.1904],[136.1155,34.2108],[136.1097,34.2242],[136.1318,34.2519],[136.0978,34.2888],[136.0949,34.3015],[136.1295,34.3162],[136.1024,34.336],[136.0861,34.3796],[136.0693,34.3893],[136.0887,34.4287],[136.1313,34.4451],[136.2054,34.4483],[136.2156,34.4812],[136.2166,34.528],[136.1677,34.5209],[136.1718,34.5348],[136.1555,34.5597],[136.1136,34.5464],[136.0465,34.5852],[136.0466,34.6006],[136.0736,34.6341],[136.0645,34.652],[136.0865,34.6753],[136.0751,34.6977],[136.0542,34.7062],[136.0711,34.7147],[136.0555,34.7386],[136.0419,34.7343],[136.0288,34.7063],[135.9862,34.7153],[135.9836,34.7345],[135.9549,34.7483],[135.9429,34.7375],[135.9162,34.7537],[135.8902,34.7094],[135.8198,34.7117],[135.792,34.7247],[135.7548,34.7283],[135.7334,34.7548],[135.7286,34.778],[135.712,34.7813],[135.6978,34.7495],[135.704,34.7236],[135.6734,34.7023],[135.6787,34.6778],[135.6649,34.6527],[135.6523,34.6039],[135.6749,34.6017],[135.6818,34.5848],[135.6569,34.5623],[135.6628,34.5296],[135.6769,34.5255],[135.6848,34.4836],[135.6786,34.4324],[135.6653,34.4242],[135.6802,34.4089],[135.6511,34.3832],[135.6635,34.3554],[135.6603,34.3269],[135.6808,34.2706],[135.6925,34.2783],[135.7184,34.2633],[135.7275,34.2207],[135.7078,34.2082],[135.6777,34.2234],[135.6481,34.219],[135.6345,34.2046],[135.6451,34.1907],[135.6219,34.1584],[135.5909,34.149],[135.5772,34.1151],[135.5473,34.1003],[135.5397,34.0754],[135.5805,34.0579],[135.5997,34.032],[135.5915,34.0194],[135.6252,34.0074],[135.6367,33.9899],[135.6369,33.9505],[135.6181,33.9546],[135.6062,33.8991],[135.6229,33.898],[135.618,33.8721],[135.648,33.8769],[135.6606,33.8976],[135.7241,33.9033],[135.7559,33.8852],[135.8163,33.9056],[135.8553,33.8878],[135.8579,33.8732],[135.8748,33.8616]]]},"properties":{"name":"奈良県"}},
{"type":"Feature","geometry":{"type":"MultiPolygon","coordinates":[[[[135.8808,33.9094],[135.8689,33.9145],[135.8615,33.8871],[135.8827,33.8789],[135.8748,33.8616],[135.8976,33.8697],[135.8808,33.9094]]],[[[135.7987,33.4657],[135.8314,33.449],[135.861,33.4707],[135.808,33.4793],[135.7987,33.4657]]],[[[136.0036,34.0099],[135.9846,33.9916],[135.954,33.9803],[135.9266,33.9814],[135.8938,33.9501],[135.9091,33.9185],[135.9295,33.9414],[135.9698,33.93],[135.9854,33.9686],[135.9992,33.9558],[136.0134,33.9742],[135.9962,34.0023],[136.0036,34.0099]]],[[[135.8579,33.8732],[135.8553,33.8878],[135.8163,33.9056],[135.7559,33.8852],[135.7241,33.9033],[135.6606,33.8976],[135.648,33.8769],[135.618,33.8721],[135.6229,33.898],[135.6062,33.8991],[135.6181,33.9546],[135.6369,33.9505],[135.6367,33.9899],[135.6252,34.0074],[135.5915,34.0194],[135.5997,34.032],[135.5805,34.0579],[135.5397,34.0754],[135.5473,34.1003],[135.5772,34.1151],[135.5909,34.149],[135.6219,34.1584],[135.6451,34.1907],[135.6345,34.2046],[135.6481,34.219],[135.6777,34.2234],[135.7078,34.2082],[135.7275,34.2207],[135.7184,34.2633],[135.6925,34.2783],[135.6808,34.2706],[135.6603,34.3269],[135.6635,34.3554],[135.6511,34.3832],[135.5771,34.376],[135.5544,34.3594],[135.5035,34.3365],[135.4854,34.3628],[135.4657,34.3473],[135.4092,34.3419],[135.3868,34.3291],[135.3462,34.3305],[135.2916,34.2995],[135.2828,34.3179],[135.2542,34.3158],[135.225,34.3009],[135.2094,34.308],[135.2052,34.2886],[135.1845,34.2789],[135.1103,34.2738],[135.0928,34.312],[135.0743,34.3054],[135.0611,34.2648],[135.0894,34.2609],[135.1395,34.2254],[135.1475,34.1839],[135.18,34.1869],[135.1842,34.1484],[135.1708,34.136],[135.1261,34.1368],[135.1388,34.1129],[135.1143,34.1191],[135.0884,34.067],[135.1359,34.0646],[135.1657,34.0285],[135.1514,34.0094],[135.1077,33.9889],[135.0935,33.9932],[135.08,33.9558],[135.1002,33.9659],[135.1144,33.9568],[135.089,33.9491],[135.0818,33.9066],[135.059,33.9049],[135.0574,33.8809],[135.1119,33.8934],[135.1497,33.8794],[135.1631,33.8454],[135.1861,33.8195],[135.2359,33.7979],[135.2382,33.7805],[135.2707,33.7826],[135.2978,33.7645],[135.3171,33.7677],[135.3305,33.7442],[135.3511,33.7467],[135.3937,33.7151],[135.3949,33.7024],[135.3636,33.6794],[135.3382,33.6938],[135.332,33.6662],[135.3819,33.6511],[135.3934,33.64],[135.386,33.6],[135.41,33.5756],[135.4439,33.5632],[135.4464,33.5489],[135.4917,33.5488],[135.518,33.5219],[135.575,33.5157],[135.5789,33.5071],[135.6282,33.5082],[135.6753,33.4878],[135.6995,33.4933],[135.7271,33.4774],[135.7593,33.4844],[135.7765,33.4634],[135.75,33.4494],[135.7963,33.4448],[135.7823,33.4701],[135.7971,33.4968],[135.9159,33.5528],[135.8918,33.5558],[135.9255,33.5771],[135.9541,33.578],[135.944,33.6037],[135.9251,33.6088],[135.9516,33.6334],[135.939,33.6454],[135.9862,33.6552],[135.9737,33.6638],[136.0119,33.7233],[135.9833,33.7364],[135.9761,33.7231],[135.9399,33.7386],[135.9057,33.7685],[135.8909,33.8017],[135.8559,33.8203],[135.8579,33.8732]]]]},"properties":{"name":"和歌山県"}},
{"type":"Feature","geometry":{"type":"Polygon","coordinates":[[[134.3699,35.6146],[134.3596,35.6005],[134.3022,35.5922],[134.2725,35.5607],[134.2229,35.5444],[134.1695,35.5336],[134.057,35.5189],[134.0007,35.5261],[133.9198,35.5093],[133.7999,35.5009],[133.6719,35.5064],[133.5905,35.532],[133.4963,35.5152],[133.4464,35.4942],[133.4277,35.4629],[133.3916,35.4536],[133.3232,35.4663],[133.2934,35.4778],[133.2534,35.5129],[133.2445,35.5351],[133.2708,35.5525],[133.2446,35.5491],[133.2185,35.5463],[133.1986,35.526],[133.2225,35.4802],[133.272,35.446],[133.3087,35.4309],[133.3216,35.4078],[133.3237,35.3774],[133.296,35.3494],[133.2926,35.3207],[133.3106,35.2679],[133.1816,35.2344],[133.1525,35.2188],[133.1718,35.2087],[133.1949,35.1699],[133.1551,35.1474],[133.1403,35.1173],[133.1364,35.0743],[133.1795,35.0673],[133.2488,35.0787],[133.2691,35.0577],[133.2908,35.0709],[133.299,35.1038],[133.3255,35.0935],[133.3788,35.1147],[133.4118,35.1211],[133.3934,35.1691],[133.4156,35.1847],[133.4476,35.1713],[133.5004,35.1924],[133.5291,35.1869],[133.5154,35.2205],[133.5172,35.2407],[133.5549,35.2418],[133.5682,35.2571],[133.5768,35.3144],[133.5968,35.345],[133.6492,35.3363],[133.6774,35.3193],[133.6961,35.3269],[133.745,35.3196],[133.7837,35.2948],[133.7999,35.2927],[133.8181,35.2526],[133.8437,35.2535],[133.8659,35.2723],[133.862,35.2924],[133.9252,35.3069],[133.9315,35.3332],[133.9696,35.3478],[134.0148,35.3504],[133.9995,35.3147],[134.0702,35.2973],[134.0978,35.3057],[134.1158,35.2835],[134.1413,35.2749],[134.1506,35.258],[134.1375,35.2392],[134.1642,35.228],[134.154,35.1946],[134.1673,35.1723],[134.1929,35.1886],[134.268,35.2084],[134.2785,35.1969],[134.3227,35.2028],[134.3366,35.2195],[134.3931,35.2527],[134.4028,35.241],[134.4353,35.2292],[134.4765,35.2491],[134.5152,35.2772],[134.5148,35.3077],[134.5019,35.3265],[134.5135,35.3541],[134.4714,35.38],[134.4799,35.425],[134.4396,35.444],[134.4276,35.5087],[134.4131,35.5176],[134.4246,35.5398],[134.4215,35.5629],[134.4051,35.5707],[134.4083,35.5891],[134.3699,35.6146]]]},"properties":{"name":"鳥取県"}},
{"type":"Feature","geometry":{"type":"MultiPolygon","coordinates":[[[[132.9522,36.0833],[132.9459,36.067],[133.0005,36.044],[132.9767,36.0834],[133.0054,36.0904],[133.0221,36.0639],[133.0448,36.0604],[133.057,36.0831],[133.0395,36.1061],[133.0703,36.1136],[133.0909,36.1342],[133.0689,36.1427],[133.0567,36.1299],[133.0145,36.1376],[133.0128,36.1155],[132.9794,36.114],[132.9522,36.0833]]],[[[133.0697,36.0833],[133.0771,36.0748],[133.0683,36.0351],[133.1159,36.0663],[133.1324,36.1101],[133.1104,36.1199],[133.0643,36.1011],[133.0697,36.0833]]],[[[133.2486,36.1667],[133.2889,36.1792],[133.3393,36.1696],[133.3397,36.2216],[133.3493,36.1962],[133.3679,36.2044],[133.3777,36.2306],[133.3791,36.2765],[133.3627,36.2791],[133.3181,36.3226],[133.28,36.3405],[133.2634,36.3279],[133.2242,36.326],[133.198,36.28],[133.1891,36.2882],[133.1777,36.2498],[133.1926,36.2455],[133.1855,36.2117],[133.2463,36.1844],[133.2486,36.1667]]],[[[133.2446,35.5491],[133.3254,35.5656],[133.3073,35.5761],[133.2676,35.5787],[133.2549,35.5699],[133.2109,35.5671],[133.1881,35.5788],[133.1836,35.5673],[133.1413,35.5609],[133.1121,35.5976],[133.0979,35.5807],[133.0475,35.5778],[133.0612,35.5699],[133.027,35.5389],[132.9717,35.5446],[132.9714,35.5159],[132.9206,35.5183],[132.8694,35.5109],[132.8064,35.4931],[132.8003,35.4837],[132.7279,35.469],[132.7534,35.4476],[132.709,35.4414],[132.6833,35.4499],[132.6312,35.4351],[132.6356,35.4191],[132.6717,35.4007],[132.6747,35.3722],[132.656,35.3189],[132.6286,35.2879],[132.5427,35.2589],[132.5275,35.2421],[132.4707,35.2174],[132.4509,35.1991],[132.4214,35.189],[132.4031,35.1696],[132.3852,35.1275],[132.3368,35.1014],[132.3264,35.0751],[132.3037,35.0529],[132.2363,35.0346],[132.1892,34.9943],[132.084,34.9285],[132.0515,34.871],[132.036,34.8821],[132.0066,34.8669],[132.0153,34.8591],[131.9892,34.8278],[131.9546,34.8164],[131.9468,34.7929],[131.9145,34.7741],[131.8973,34.7757],[131.8861,34.7567],[131.8646,34.7553],[131.8713,34.734],[131.8491,34.7113],[131.8,34.6888],[131.7397,34.6746],[131.705,34.6726],[131.6906,34.681],[131.6844,34.6672],[131.6979,34.6455],[131.6948,34.6207],[131.7189,34.612],[131.7273,34.5761],[131.706,34.5634],[131.7067,34.5331],[131.668,34.5041],[131.6961,34.4809],[131.6939,34.4436],[131.7129,34.4285],[131.7936,34.4354],[131.7848,34.3999],[131.7635,34.3809],[131.778,34.3534],[131.7746,34.3375],[131.8314,34.3026],[131.8341,34.3112],[131.8696,34.305],[131.9189,34.338],[131.9587,34.3063],[131.974,34.3411],[132.0135,34.382],[131.9899,34.414],[132.0391,34.4689],[132.0686,34.4677],[132.0597,34.4923],[132.0364,34.5013],[132.0527,34.5303],[132.084,34.5375],[132.1137,34.5626],[132.1297,34.5955],[132.1176,34.6018],[132.1268,34.6393],[132.1609,34.6816],[132.1296,34.7],[132.1431,34.7161],[132.2225,34.7497],[132.2407,34.7804],[132.2428,34.8067],[132.2596,34.8068],[132.298,34.7766],[132.319,34.8013],[132.3338,34.79],[132.3731,34.8012],[132.3986,34.7833],[132.4247,34.7991],[132.4366,34.821],[132.454,34.8021],[132.5379,34.795],[132.568,34.8065],[132.6196,34.8435],[132.6697,34.8328],[132.6839,34.8514],[132.7106,34.8499],[132.7021,34.8799],[132.6349,34.8991],[132.6851,34.9506],[132.7204,34.948],[132.7497,34.9603],[132.7451,34.9768],[132.8137,35.0406],[132.8379,35.0509],[132.8278,35.0612],[132.8613,35.0958],[132.8974,35.1041],[132.9095,35.0862],[132.9476,35.0758],[132.975,35.0832],[132.9907,35.1013],[133.0331,35.0682],[133.06,35.0811],[133.1222,35.084],[133.1364,35.0743],[133.1403,35.1173],[133.1551,35.1474],[133.1949,35.1699],[133.1718,35.2087],[133.1525,35.2188],[133.1816,35.2344],[133.3106,35.2679],[133.2926,35.3207],[133.296,35.3494],[133.3237,35.3774],[133.3216,35.4078],[133.3087,35.4309],[133.272,35.446],[133.2225,35.4802],[133.1986,35.526],[133.2185,35.5463],[133.2446,35.5491]]],[[[133.056,36],[133.0621,36.0104],[133.0353,36.0286],[133.0002,36.032],[133.0093,36.0019],[133.0421,36.0083],[133.056,36]]]]},"properties":{"name":"島根県"}},
{"type":"Feature","geometry":{"type":"MultiPolygon","coordinates":[[[[134.275,34.7134],[134.3167,34.7029],[134.3467,34.7103],[134.297,34.7303],[134.275,34.7134]]],[[[134.4028,35.241],[134.3931,35.2527],[134.3366,35.2195],[134.3227,35.2028],[134.2785,35.1969],[134.268,35.2084],[134.1929,35.1886],[134.1673,35.1723],[134.154,35.1946],[134.1642,35.228],[134.1375,35.2392],[134.1506,35.258],[134.1413,35.2749],[134.1158,35.2835],[134.0978,35.3057],[134.0702,35.2973],[133.9995,35.3147],[134.0148,35.3504],[133.9696,35.3478],[133.9315,35.3332],[133.9252,35.3069],[133.862,35.2924],[133.8659,35.2723],[133.8437,35.2535],[133.8181,35.2526],[133.7999,35.2927],[133.7837,35.2948],[133.745,35.3196],[133.6961,35.3269],[133.6774,35.3193],[133.6492,35.3363],[133.5968,35.345],[133.5768,35.3144],[133.5682,35.2571],[133.5549,35.2418],[133.5172,35.2407],[133.5154,35.2205],[133.5291,35.1869],[133.5004,35.1924],[133.4476,35.1713],[133.4156,35.1847],[133.3934,35.1691],[133.4118,35.1211],[133.3788,35.1147],[133.3255,35.0935],[133.299,35.1038],[133.2908,35.0709],[133.2691,35.0577],[133.3212,35.0036],[133.3217,34.9879],[133.2973,34.956],[133.3094,34.937],[133.2953,34.8956],[133.3312,34.8558],[133.3326,34.8407],[133.3781,34.8084],[133.3647,34.7671],[133.3742,34.6954],[133.4034,34.6719],[133.3848,34.6168],[133.397,34.5949],[133.4232,34.5855],[133.446,34.5564],[133.4539,34.5302],[133.4469,34.4803],[133.4563,34.4545],[133.4844,34.466],[133.4738,34.4415],[133.5404,34.4614],[133.6009,34.4727],[133.5941,34.4911],[133.6472,34.5038],[133.6586,34.5203],[133.6841,34.5071],[133.7053,34.5231],[133.704,34.4778],[133.7434,34.4706],[133.739,34.5176],[133.7713,34.4553],[133.8225,34.43],[133.8091,34.4615],[133.8365,34.4746],[133.8811,34.4564],[133.9192,34.4498],[133.9432,34.4553],[133.9344,34.4732],[133.9648,34.4949],[133.9595,34.5227],[134.0293,34.5506],[134.0472,34.5767],[134.0327,34.5978],[133.9738,34.5945],[133.9587,34.5841],[133.9461,34.599],[133.9846,34.6029],[133.9917,34.6125],[134.0422,34.6083],[134.0544,34.5864],[134.0845,34.5811],[134.12,34.5886],[134.147,34.617],[134.1706,34.6139],[134.1787,34.6299],[134.1705,34.6529],[134.2453,34.7011],[134.2356,34.7149],[134.2071,34.7095],[134.208,34.73],[134.2686,34.7192],[134.2754,34.7346],[134.3151,34.7322],[134.3217,34.7219],[134.313,34.7384],[134.3331,34.7657],[134.3158,34.781],[134.3164,34.8026],[134.2833,34.8297],[134.2663,34.8256],[134.2546,34.8493],[134.2624,34.882],[134.2949,34.904],[134.2761,34.9297],[134.2537,34.9391],[134.277,34.9633],[134.2696,34.9787],[134.2855,34.9969],[134.2658,35.005],[134.2812,35.0369],[134.3163,35.0432],[134.3191,35.0834],[134.3472,35.091],[134.3674,35.147],[134.407,35.1473],[134.4111,35.187],[134.3837,35.1939],[134.3825,35.2217],[134.4028,35.241]]],[[[133.5165,34.3859],[133.5458,34.3666],[133.5449,34.4022],[133.5165,34.3859]]]]},"properties":{"name":"岡山県"}},
{"type":"Feature","geometry":{"type":"MultiPolygon","coordinates":[[[[133.2915,34.3581],[133.3019,34.3424],[133.3371,34.357],[133.3182,34.3729],[133.2915,34.3581]]],[[[133.1364,35.0743],[133.1222,35.084],[133.06,35.0811],[133.0331,35.0682],[132.9907,35.1013],[132.975,35.0832],[132.9476,35.0758],[132.9095,35.0862],[132.8974,35.1041],[132.8613,35.0958],[132.8278,35.0612],[132.8379,35.0509],[132.8137,35.0406],[132.7451,34.9768],[132.7497,34.9603],[132.7204,34.948],[132.6851,34.9506],[132.6349,34.8991],[132.7021,34.8799],[132.7106,34.8499],[132.6839,34.8514],[132.6697,34.8328],[132.6196,34.8435],[132.568,34.8065],[132.5379,34.795],[132.454,34.8021],[132.4366,34.821],[132.4247,34.7991],[132.3986,34.7833],[132.3731,34.8012],[132.3338,34.79],[132.319,34.8013],[132.298,34.7766],[132.2596,34.8068],[132.2428,34.8067],[132.2407,34.7804],[132.2225,34.7497],[132.1431,34.7161],[132.1296,34.7],[132.1609,34.6816],[132.1268,34.6393],[132.1176,34.6018],[132.1297,34.5955],[132.1137,34.5626],[132.084,34.5375],[132.0527,34.5303],[132.0364,34.5013],[132.0597,34.4923],[132.0686,34.4677],[132.081,34.4435],[132.0689,34.4163],[132.0774,34.3892],[132.0713,34.3554],[132.0853,34.3579],[132.1055,34.3296],[132.1251,34.3338],[132.124,34.2968],[132.1464,34.2568],[132.1447,34.2364],[132.2022,34.223],[132.1933,34.207],[132.2456,34.2107],[132.2274,34.2354],[132.2343,34.2588],[132.2821,34.286],[132.319,34.3233],[132.32,34.3392],[132.3627,34.3587],[132.3975,34.363],[132.4499,34.3513],[132.5217,34.3592],[132.4964,34.3481],[132.4943,34.3162],[132.5183,34.2834],[132.5146,34.2569],[132.5585,34.2382],[132.5316,34.2222],[132.5382,34.1939],[132.5684,34.198],[132.5961,34.2168],[132.6432,34.2022],[132.6675,34.2191],[132.6803,34.2109],[132.7013,34.2375],[132.7476,34.2426],[132.7724,34.2531],[132.7542,34.2821],[132.7843,34.2756],[132.8019,34.3089],[132.8367,34.3113],[132.8466,34.2928],[132.8936,34.3265],[132.9308,34.3263],[132.9448,34.3362],[133.0154,34.3287],[133.0402,34.3317],[133.0812,34.3494],[133.093,34.389],[133.1275,34.3826],[133.2096,34.4106],[133.2341,34.4116],[133.2704,34.4327],[133.272,34.4066],[133.2441,34.3981],[133.2523,34.3882],[133.2808,34.3955],[133.3227,34.3766],[133.3662,34.3689],[133.3846,34.3842],[133.3854,34.4205],[133.413,34.4363],[133.4313,34.4241],[133.4405,34.4363],[133.4082,34.4572],[133.4427,34.4451],[133.4469,34.4803],[133.4539,34.5302],[133.446,34.5564],[133.4232,34.5855],[133.397,34.5949],[133.3848,34.6168],[133.4034,34.6719],[133.3742,34.6954],[133.3647,34.7671],[133.3781,34.8084],[133.3326,34.8407],[133.3312,34.8558],[133.2953,34.8956],[133.3094,34.937],[133.2973,34.956],[133.3217,34.9879],[133.3212,35.0036],[133.2691,35.0577],[133.2488,35.0787],[133.1795,35.0673],[133.1364,35.0743]]],[[[132.7817,34.1608],[132.7994,34.1761],[132.7865,34.1888],[132.7714,34.1764],[132.7817,34.1608]]],[[[132.8747,34.2054],[132.921,34.2151],[132.9167,34.2339],[132.9422,34.2774],[132.9304,34.2845],[132.8987,34.248],[132.8405,34.2402],[132.856,34.2082],[132.8747,34.2054]]],[[[133.0825,34.2559],[133.1461,34.2873],[133.1408,34.3147],[133.0841,34.3082],[133.0673,34.2675],[133.0825,34.2559]]],[[[133.1,34.3333],[133.1158,34.3193],[133.1265,34.3376],[133.1158,34.3596],[133.1,34.3333]]],[[[133.1341,34.3333],[133.156,34.2991],[133.1915,34.2749],[133.2109,34.3139],[133.1734,34.3577],[133.1477,34.3579],[133.1341,34.3333]]],[[[133.1746,34.3665],[133.2112,34.357],[133.2353,34.4066],[133.2151,34.4093],[133.1701,34.3874],[133.1746,34.3665]]],[[[132.8282,34.1869],[132.8033,34.1726],[132.8199,34.151],[132.8678,34.174],[132.8462,34.1958],[132.8282,34.1869]]],[[[133.0766,34.3014],[133.0808,34.3324],[133.0662,34.3259],[133.0766,34.3014]]],[[[132.2674,34.25],[132.2727,34.2338],[132.3041,34.2447],[132.3402,34.2728],[132.3486,34.2918],[132.3328,34.3088],[132.2902,34.2875],[132.2674,34.25]]],[[[132.3838,34.1667],[132.3973,34.1463],[132.4107,34.1671],[132.3838,34.1667]]],[[[132.6457,34.174],[132.6681,34.1708],[132.6845,34.1877],[132.6774,34.2021],[132.6566,34.1963],[132.6457,34.174]]],[[[132.7421,34.1667],[132.7653,34.1769],[132.7594,34.192],[132.712,34.2038],[132.6874,34.1965],[132.6855,34.1827],[132.7123,34.181],[132.7421,34.1667]]],[[[132.4457,34.1667],[132.4313,34.1292],[132.4907,34.1494],[132.4741,34.1954],[132.4896,34.2022],[132.4985,34.2685],[132.4823,34.2879],[132.4422,34.2887],[132.4327,34.2537],[132.4561,34.2567],[132.4771,34.2376],[132.4744,34.2086],[132.4587,34.2286],[132.445,34.2229],[132.4255,34.2545],[132.3721,34.2583],[132.3844,34.2268],[132.4194,34.1988],[132.4457,34.1667]]],[[[132.5508,34.0789],[132.5677,34.0972],[132.574,34.1271],[132.539,34.1078],[132.5483,34.1515],[132.5217,34.1575],[132.5564,34.1802],[132.527,34.2002],[132.503,34.1853],[132.4932,34.1625],[132.5089,34.1415],[132.4472,34.1082],[132.4623,34.0824],[132.4985,34.091],[132.502,34.1032],[132.5455,34.0979],[132.5508,34.0789]]]]},"properties":{"name":"広島県"}},
{"type":"Feature","geometry":{"type":"MultiPolygon","coordinates":[[[[131.875,33.9702],[131.8572,33.9888],[131.8505,33.9553],[131.8169,33.9569],[131.8053,33.942],[131.8358,33.9338],[131.875,33.9702]]],[[[130.9015,33.9167],[130.9284,33.9264],[130.9147,33.9383],[130.9129,33.9427],[130.9167,33.9515],[130.9114,33.9541],[130.8948,33.9442],[130.8774,33.9445],[130.9015,33.9167]]],[[[131.1731,34.4167],[131.1886,34.3987],[131.2274,34.4271],[131.2613,34.4264],[131.2524,34.4382],[131.2174,34.4257],[131.1709,34.4259],[131.1731,34.4167]]],[[[132.078,33.8333],[132.0542,33.7983],[132.0281,33.7934],[132.0493,33.7845],[132.0885,33.8258],[132.1067,33.8251],[132.1046,33.8433],[132.0676,33.8485],[132.078,33.8333]]],[[[132.1769,33.9167],[132.1785,33.8939],[132.2145,33.8702],[132.2586,33.8776],[132.2816,33.9007],[132.3197,33.8933],[132.3377,33.8781],[132.3274,33.8576],[132.3696,33.8638],[132.3627,33.8981],[132.3758,33.9141],[132.4087,33.9099],[132.4212,33.9252],[132.4577,33.9436],[132.4165,33.9529],[132.4013,33.9282],[132.3698,33.9284],[132.3351,33.9015],[132.3013,33.9201],[132.2858,33.9554],[132.2679,33.9481],[132.2335,33.9676],[132.2028,33.9491],[132.188,33.9553],[132.1769,33.9167]]],[[[131.6906,34.681],[131.6383,34.6468],[131.6424,34.6586],[131.6138,34.6665],[131.5971,34.6528],[131.5982,34.6216],[131.5615,34.6184],[131.5548,34.5799],[131.5155,34.5526],[131.504,34.5339],[131.4704,34.5333],[131.4517,34.5161],[131.4673,34.4976],[131.4254,34.4546],[131.4011,34.4596],[131.4193,34.4414],[131.3967,34.42],[131.3526,34.4112],[131.3315,34.4147],[131.3252,34.3926],[131.2934,34.3804],[131.2788,34.3893],[131.2482,34.3815],[131.2259,34.393],[131.2153,34.3708],[131.1998,34.3975],[131.1655,34.3721],[131.1434,34.3806],[131.1289,34.4126],[131.1118,34.4095],[131.0744,34.4246],[131.0433,34.4103],[131.005,34.415],[131.0033,34.4278],[130.9743,34.4401],[130.9595,34.414],[130.9349,34.3925],[130.9552,34.3891],[130.9519,34.4053],[131.0018,34.3986],[131.0167,34.4048],[131.0359,34.3712],[131.0009,34.374],[130.9311,34.3427],[130.901,34.363],[130.8897,34.3443],[130.8957,34.3201],[130.8669,34.2878],[130.9216,34.2395],[130.9162,34.2151],[130.9288,34.2128],[130.9256,34.1697],[130.8917,34.1345],[130.8671,34.137],[130.8619,34.1041],[130.8914,34.0646],[130.9109,34.0617],[130.9036,34.0252],[130.9163,34.0197],[130.9087,33.9925],[130.9169,33.9785],[130.9059,33.9542],[130.913,33.9553],[130.9205,33.951],[130.9143,33.9408],[130.9284,33.9384],[130.9583,33.9666],[130.997,33.9901],[131.0213,34.0201],[131.0147,34.0267],[131.0434,34.0574],[131.0476,34.0422],[131.096,34.0355],[131.1214,34.0035],[131.1344,34.0033],[131.1689,33.973],[131.1577,33.9553],[131.1784,33.9314],[131.2105,33.9445],[131.2525,33.9368],[131.2421,33.9198],[131.2926,33.9343],[131.317,33.9546],[131.3558,33.9665],[131.3477,33.9803],[131.3782,34.0083],[131.3718,34.0285],[131.3876,34.0501],[131.4042,34.0423],[131.3945,34.0262],[131.4273,34.0143],[131.4238,33.9913],[131.4636,33.9933],[131.4791,34.0113],[131.4669,34.0331],[131.5084,34.0233],[131.5402,33.9976],[131.6042,34.0372],[131.6103,34.0212],[131.6233,34.0397],[131.698,34.0467],[131.7097,34.0605],[131.7484,34.0627],[131.7336,34.0489],[131.796,34.0548],[131.7811,34.0275],[131.8023,34.0432],[131.8268,34.0235],[131.8044,34.0161],[131.772,33.9778],[131.8219,33.9759],[131.7947,33.9877],[131.8185,33.9931],[131.8317,34.0114],[131.8564,34.0071],[131.8827,33.9811],[131.9186,33.9668],[131.9364,33.9472],[131.957,33.9496],[132.0242,33.9018],[132.0455,33.9141],[132.0741,33.9054],[132.0775,33.8931],[132.12,33.8754],[132.1155,33.8337],[132.1399,33.8318],[132.1594,33.8507],[132.1483,33.8746],[132.1301,33.8837],[132.1278,33.9572],[132.1875,33.9632],[132.2128,34.0021],[132.2202,34.0404],[132.2095,34.0593],[132.2019,34.1247],[132.2476,34.1334],[132.2524,34.1581],[132.232,34.1873],[132.2456,34.2107],[132.1933,34.207],[132.2022,34.223],[132.1447,34.2364],[132.1464,34.2568],[132.124,34.2968],[132.1251,34.3338],[132.1055,34.3296],[132.0853,34.3579],[132.0713,34.3554],[132.0774,34.3892],[132.0689,34.4163],[132.081,34.4435],[132.0686,34.4677],[132.0391,34.4689],[131.9899,34.414],[132.0135,34.382],[131.974,34.3411],[131.9587,34.3063],[131.9189,34.338],[131.8696,34.305],[131.8341,34.3112],[131.8314,34.3026],[131.7746,34.3375],[131.778,34.3534],[131.7635,34.3809],[131.7848,34.3999],[131.7936,34.4354],[131.7129,34.4285],[131.6939,34.4436],[131.6961,34.4809],[131.668,34.5041],[131.7067,34.5331],[131.706,34.5634],[131.7273,34.5761],[131.7189,34.612],[131.6948,34.6207],[131.6979,34.6455],[131.6844,34.6672],[131.6906,34.681]]],[[[132.25,33.7739],[132.2642,33.7781],[132.2234,33.8133],[132.1902,33.8041],[132.2157,33.7819],[132.25,33.7739]]],[[[131.1333,34.7656],[131.1609,34.7637],[131.1307,34.7987],[131.1333,34.7656]]],[[[131.9492,33.775],[131.9618,33.7684],[131.9935,33.7797],[131.9675,33.7981],[131.9492,33.775]]],[[[131.5647,34],[131.5662,33.987],[131.6014,34.0145],[131.5837,34.024],[131.5647,34]]]]},"properties":{"name":"山口県"}},
{"type":"Feature","geometry":{"type":"MultiPolygon","coordinates":[[[[134.625,34.2318],[134.5911,34.2014],[134.6258,34.1873],[134.6428,34.2394],[134.625,34.2318]]],[[[134.6035,34.25],[134.5878,34.2307],[134.5932,34.2259],[134.5911,34.214],[134.6093,34.2336],[134.6035,34.25]]],[[[133.6607,33.8818],[133.6777,33.8585],[133.7383,33.8497],[133.7482,33.8368],[133.7758,33.8423],[133.8178,33.8373],[133.8387,33.8452],[133.8724,33.8062],[133.9128,33.7914],[133.9413,33.7992],[133.9598,33.8347],[133.9875,33.8395],[133.9959,33.8219],[134.0327,33.8284],[134.0333,33.8093],[134.0588,33.7767],[134.0561,33.7519],[134.0701,33.7112],[134.0663,33.6886],[134.1263,33.6959],[134.1748,33.684],[134.1713,33.6577],[134.1842,33.649],[134.1502,33.6306],[134.176,33.6071],[134.1954,33.5687],[134.2385,33.5529],[134.2817,33.561],[134.3059,33.5484],[134.3178,33.5818],[134.3609,33.5875],[134.3881,33.6244],[134.3626,33.625],[134.4044,33.6598],[134.4441,33.6665],[134.5255,33.7076],[134.5417,33.7343],[134.5657,33.7324],[134.5699,33.7617],[134.6202,33.7867],[134.7482,33.8323],[134.7192,33.8313],[134.6837,33.8511],[134.6393,33.8455],[134.6357,33.8687],[134.6674,33.8793],[134.6959,33.9036],[134.7056,33.9259],[134.696,33.9517],[134.6649,33.9651],[134.6409,34.0063],[134.6275,33.9914],[134.5918,34.0079],[134.5856,34.0523],[134.6083,34.1028],[134.6162,34.1444],[134.6413,34.1767],[134.5865,34.2013],[134.5824,34.2103],[134.5905,34.2241],[134.5862,34.2324],[134.5889,34.239],[134.5723,34.2226],[134.4965,34.2244],[134.4718,34.2088],[134.4402,34.2079],[134.4196,34.1579],[134.3855,34.1651],[134.358,34.1847],[134.3442,34.1724],[134.2603,34.1836],[134.1951,34.1719],[134.1731,34.1758],[134.1353,34.1519],[134.1393,34.1341],[134.1223,34.1188],[134.0534,34.118],[134.0218,34.0845],[133.9939,34.0726],[133.9439,34.0945],[133.9398,34.1149],[133.9013,34.1001],[133.8929,34.1082],[133.8548,34.1042],[133.8218,34.0917],[133.82,34.0737],[133.7853,34.0798],[133.729,34.0442],[133.7213,34.0223],[133.6795,34.0125],[133.6751,33.9837],[133.6926,33.944],[133.6765,33.9329],[133.6905,33.9163],[133.6607,33.8818]]]]},"properties":{"name":"徳島県"}},
{"type":"Feature","geometry":{"type":"MultiPolygon","coordinates":[[[[134.0076,34.498],[134.0198,34.4836],[134.0239,34.5068],[134.0076,34.498]]],[[[134.1414,34.4699],[134.1517,34.4613],[134.1922,34.4814],[134.1564,34.492],[134.1414,34.4699]]],[[[134.2309,34.4167],[134.2513,34.4244],[134.2676,34.4679],[134.3118,34.4769],[134.3167,34.4596],[134.283,34.4591],[134.2844,34.4456],[134.3196,34.458],[134.3354,34.4473],[134.3536,34.4777],[134.343,34.4845],[134.3601,34.529],[134.3452,34.5408],[134.3511,34.5639],[134.3131,34.5583],[134.2952,34.5467],[134.2564,34.5432],[134.2299,34.527],[134.1786,34.5177],[134.1648,34.5017],[134.1822,34.4869],[134.2284,34.4806],[134.2408,34.4633],[134.2277,34.4426],[134.2309,34.4167]]],[[[134,34.4544],[133.9658,34.477],[133.9804,34.4471],[134,34.4544]]],[[[134.4402,34.2079],[134.4064,34.2264],[134.3901,34.2548],[134.3468,34.2525],[134.3059,34.2785],[134.2624,34.2828],[134.2467,34.3077],[134.2648,34.3191],[134.2501,34.3516],[134.2338,34.3372],[134.2183,34.3497],[134.1869,34.346],[134.1798,34.3252],[134.1547,34.3389],[134.1595,34.3891],[134.1211,34.3984],[134.1288,34.3861],[134.1153,34.3589],[134.0923,34.3846],[134.0853,34.3531],[134.0642,34.3576],[134.0007,34.353],[133.9757,34.3731],[133.888,34.3752],[133.8949,34.3546],[133.8578,34.3267],[133.8343,34.3248],[133.8579,34.3574],[133.8289,34.3421],[133.8207,34.3188],[133.7897,34.2987],[133.7827,34.3107],[133.7619,34.2999],[133.7709,34.2883],[133.7309,34.2715],[133.7356,34.2614],[133.6982,34.2343],[133.6724,34.2269],[133.6729,34.247],[133.6491,34.2328],[133.6229,34.2356],[133.609,34.2524],[133.5602,34.2645],[133.6094,34.2234],[133.6349,34.2099],[133.6458,34.1602],[133.6277,34.0532],[133.5985,34.0436],[133.6133,34.0323],[133.656,34.0291],[133.6795,34.0125],[133.7213,34.0223],[133.729,34.0442],[133.7853,34.0798],[133.82,34.0737],[133.8218,34.0917],[133.8548,34.1042],[133.8929,34.1082],[133.9013,34.1001],[133.9398,34.1149],[133.9439,34.0945],[133.9939,34.0726],[134.0218,34.0845],[134.0534,34.118],[134.1223,34.1188],[134.1393,34.1341],[134.1353,34.1519],[134.1731,34.1758],[134.1951,34.1719],[134.2603,34.1836],[134.3442,34.1724],[134.358,34.1847],[134.3855,34.1651],[134.4196,34.1579],[134.4402,34.2079]]],[[[134.0825,34.5],[134.0361,34.4814],[134.0813,34.4592],[134.1027,34.4791],[134.0825,34.5]]],[[[133.6917,34.3566],[133.7089,34.3532],[133.7305,34.3703],[133.7189,34.3964],[133.6904,34.3777],[133.6917,34.3566]]],[[[133.7576,34.37],[133.7945,34.3873],[133.7766,34.4005],[133.7529,34.388],[133.7576,34.37]]]]},"properties":{"name":"香川県"}},
{"type":"Feature","geometry":{"type":"MultiPolygon","coordinates":[[[[132.6799,33.9167],[132.6599,33.9103],[132.6625,33.874],[132.6897,33.8758],[132.6726,33.8928],[132.6929,33.9039],[132.6987,33.9267],[132.6799,33.9167]]],[[[132.625,33.995],[132.5779,33.9684],[132.6007,33.9427],[132.6169,33.9576],[132.6442,33.9609],[132.642,34.0067],[132.625,33.995]]],[[[132.9941,34.25],[132.9906,34.225],[132.9649,34.2271],[132.9417,34.2038],[132.9486,34.1929],[133.03,34.2085],[133.0585,34.2207],[133.0482,34.259],[133.0259,34.2951],[133.0111,34.2998],[132.9811,34.2861],[132.9941,34.25]]],[[[133.0357,34.1667],[133.0264,34.1579],[133.0127,34.1108],[133.0351,34.1077],[133.1069,34.1744],[133.0833,34.1694],[133.0686,34.1917],[133.0302,34.1934],[133.0208,34.1782],[133.0357,34.1667]]],[[[133.6795,34.0125],[133.656,34.0291],[133.6133,34.0323],[133.5985,34.0436],[133.5613,34.009],[133.5161,33.9755],[133.4905,33.9693],[133.43,33.9868],[133.3933,33.9904],[133.3564,33.9792],[133.3205,33.9942],[133.2857,33.9803],[133.2806,33.9896],[133.2479,33.955],[133.1887,33.9443],[133.14,33.9279],[133.1078,33.9478],[133.0883,33.9454],[133.0679,33.9753],[133.0228,34.0626],[133.0068,34.0659],[132.9774,34.1164],[132.9703,34.1073],[132.9416,34.142],[132.9237,34.116],[132.9302,34.0884],[132.9164,34.0636],[132.8999,34.0682],[132.8574,34.0547],[132.8007,34.0105],[132.7656,33.9984],[132.7743,33.9923],[132.7683,33.9483],[132.7552,33.9113],[132.7107,33.9067],[132.7,33.8767],[132.7104,33.8541],[132.6834,33.8085],[132.7,33.761],[132.6799,33.7458],[132.6594,33.7035],[132.586,33.6536],[132.5316,33.6378],[132.4746,33.6069],[132.4335,33.5685],[132.4183,33.5447],[132.3851,33.5306],[132.2759,33.4732],[132.2259,33.459],[132.2266,33.4456],[132.1996,33.4561],[132.172,33.4443],[132.1738,33.4263],[132.1535,33.4072],[132.1241,33.4202],[132.0392,33.3665],[132.0252,33.3439],[132.0939,33.3874],[132.1187,33.3908],[132.1023,33.3625],[132.1291,33.3636],[132.1825,33.4121],[132.2384,33.4264],[132.2806,33.4471],[132.3067,33.473],[132.364,33.4799],[132.3781,33.4592],[132.4203,33.4617],[132.4162,33.4429],[132.3859,33.4177],[132.3965,33.3971],[132.3794,33.3878],[132.3892,33.367],[132.4194,33.3831],[132.4117,33.3465],[132.3764,33.3371],[132.3706,33.3186],[132.4231,33.3042],[132.4297,33.3192],[132.4625,33.3106],[132.4932,33.3249],[132.5084,33.3061],[132.4831,33.2896],[132.487,33.274],[132.5527,33.2362],[132.5439,33.2138],[132.5119,33.2133],[132.4904,33.1964],[132.5068,33.1946],[132.4867,33.1644],[132.4511,33.2024],[132.4227,33.211],[132.3952,33.2063],[132.3956,33.1872],[132.4157,33.1888],[132.4036,33.2054],[132.4294,33.2046],[132.4646,33.172],[132.4365,33.1697],[132.4323,33.1533],[132.4519,33.1318],[132.5002,33.1372],[132.4992,33.1204],[132.4549,33.1244],[132.4799,33.0956],[132.4612,33.0862],[132.4862,33.0761],[132.4487,33.0554],[132.4041,33.0686],[132.3955,33.0194],[132.4181,33.0581],[132.443,33.0481],[132.4804,33.0495],[132.4849,33.0107],[132.506,33.0049],[132.5119,32.9764],[132.5422,32.9701],[132.5503,32.9569],[132.5012,32.9687],[132.4949,32.9841],[132.4775,32.9694],[132.5028,32.956],[132.4712,32.9345],[132.4764,32.9046],[132.5153,32.9032],[132.5271,32.9198],[132.4972,32.9194],[132.5261,32.9324],[132.5127,32.9501],[132.5796,32.9434],[132.599,32.9126],[132.6555,32.9252],[132.6525,32.9392],[132.6783,32.943],[132.6915,32.9736],[132.677,33.0111],[132.678,33.038],[132.6577,33.0571],[132.6695,33.0712],[132.6635,33.109],[132.6282,33.1348],[132.6323,33.1492],[132.6149,33.1693],[132.6357,33.1864],[132.6869,33.1348],[132.7258,33.1683],[132.7406,33.2013],[132.7754,33.2058],[132.7719,33.2411],[132.7931,33.2748],[132.8577,33.2932],[132.8985,33.3147],[132.9004,33.3437],[132.8838,33.3623],[132.86,33.3685],[132.8545,33.3983],[132.8411,33.3979],[132.8249,33.4229],[132.8266,33.4456],[132.8081,33.4539],[132.8203,33.4724],[132.9596,33.4663],[133.0154,33.4809],[133.0379,33.5264],[133.0641,33.5425],[133.0468,33.5752],[133.0574,33.5964],[133.0796,33.6087],[133.0674,33.6208],[133.075,33.6506],[133.1165,33.6601],[133.1253,33.6983],[133.1612,33.7317],[133.1578,33.7503],[133.1837,33.7681],[133.1927,33.7938],[133.2198,33.7804],[133.2572,33.7939],[133.2692,33.8256],[133.2842,33.8318],[133.3263,33.8148],[133.3558,33.8344],[133.3917,33.8244],[133.415,33.8399],[133.4919,33.8324],[133.5264,33.8537],[133.5402,33.8787],[133.5571,33.8822],[133.5831,33.8677],[133.5962,33.8798],[133.6273,33.872],[133.6607,33.8818],[133.6905,33.9163],[133.6765,33.9329],[133.6926,33.944],[133.6751,33.9837],[133.6795,34.0125]]],[[[133.1344,34.2408],[133.1656,34.2553],[133.1525,34.2776],[133.1325,34.2651],[133.1344,34.2408]]],[[[133.2012,34.25],[133.2375,34.2807],[133.2286,34.2914],[133.1988,34.2688],[133.2012,34.25]]],[[[133.125,34.2081],[133.1065,34.2411],[133.0593,34.2266],[133.0832,34.1937],[133.0953,34.2044],[133.1262,34.1955],[133.125,34.2081]]]]},"properties":{"name":"愛媛県"}},
{"type":"Feature","geometry":{"type":"MultiPolygon","coordinates":[[[[133.6607,33.8818],[133.6273,33.872],[133.5962,33.8798],[133.5831,33.8677],[133.5571,33.8822],[133.5402,33.8787],[133.5264,33.8537],[133.4919,33.8324],[133.415,33.8399],[133.3917,33.8244],[133.3558,33.8344],[133.3263,33.8148],[133.2842,33.8318],[133.2692,33.8256],[133.2572,33.7939],[133.2198,33.7804],[133.1927,33.7938],[133.1837,33.7681],[133.1578,33.7503],[133.1612,33.7317],[133.1253,33.6983],[133.1165,33.6601],[133.075,33.6506],[133.0674,33.6208],[133.0796,33.6087],[133.0574,33.5964],[133.0468,33.5752],[133.0641,33.5425],[133.0379,33.5264],[133.0154,33.4809],[132.9596,33.4663],[132.8203,33.4724],[132.8081,33.4539],[132.8266,33.4456],[132.8249,33.4229],[132.8411,33.3979],[132.8545,33.3983],[132.86,33.3685],[132.8838,33.3623],[132.9004,33.3437],[132.8985,33.3147],[132.8577,33.2932],[132.7931,33.2748],[132.7719,33.2411],[132.7754,33.2058],[132.7406,33.2013],[132.7258,33.1683],[132.6869,33.1348],[132.6357,33.1864],[132.6149,33.1693],[132.6323,33.1492],[132.6282,33.1348],[132.6635,33.109],[132.6695,33.0712],[132.6577,33.0571],[132.678,33.038],[132.677,33.0111],[132.6915,32.9736],[132.6783,32.943],[132.6525,32.9392],[132.6555,32.9252],[132.6718,32.919],[132.7083,32.926],[132.7204,32.8945],[132.7053,32.894],[132.6689,32.865],[132.6558,32.8056],[132.6286,32.8002],[132.6404,32.7695],[132.6834,32.7811],[132.7106,32.799],[132.7576,32.7531],[132.7707,32.762],[132.7893,32.7496],[132.8155,32.7533],[132.8391,32.7808],[132.8616,32.7907],[132.8659,32.7734],[132.8874,32.7908],[132.9435,32.7833],[132.9458,32.7651],[133.0052,32.7217],[133.0221,32.729],[133.0016,32.7872],[132.9655,32.799],[132.9519,32.813],[132.951,32.8601],[132.9938,32.8683],[133.0094,32.8812],[133.0087,32.9115],[132.993,32.9523],[133.0083,33.0093],[133.0349,33.0364],[133.0725,33.0375],[133.0945,33.0236],[133.0993,33.0581],[133.1181,33.0864],[133.143,33.0977],[133.1706,33.1504],[133.1919,33.1674],[133.2081,33.1493],[133.223,33.1533],[133.2105,33.1837],[133.2358,33.1982],[133.2534,33.2249],[133.2477,33.244],[133.2642,33.2573],[133.2576,33.2807],[133.2421,33.2763],[133.2385,33.2971],[133.2605,33.3099],[133.2322,33.3283],[133.2561,33.3328],[133.2616,33.3692],[133.29,33.3831],[133.3104,33.376],[133.3457,33.4009],[133.4007,33.4048],[133.457,33.4198],[133.4416,33.4394],[133.4353,33.4286],[133.4165,33.4392],[133.4022,33.4231],[133.3699,33.4305],[133.406,33.4326],[133.3979,33.4453],[133.4373,33.4393],[133.5143,33.4756],[133.5728,33.4955],[133.563,33.4965],[133.5597,33.5085],[133.5476,33.5176],[133.5694,33.5427],[133.5626,33.5041],[133.5858,33.5087],[133.5974,33.5186],[133.6935,33.5372],[133.7382,33.5381],[133.7669,33.5158],[133.8145,33.5158],[133.8436,33.5062],[133.9225,33.4919],[133.9443,33.4753],[133.9586,33.4425],[134.0319,33.4111],[134.0338,33.3784],[134.0667,33.3576],[134.1055,33.3229],[134.1116,33.2939],[134.1398,33.2946],[134.1815,33.2492],[134.1865,33.2944],[134.2119,33.4006],[134.2416,33.4507],[134.2421,33.4639],[134.3059,33.5484],[134.2817,33.561],[134.2385,33.5529],[134.1954,33.5687],[134.176,33.6071],[134.1502,33.6306],[134.1842,33.649],[134.1713,33.6577],[134.1748,33.684],[134.1263,33.6959],[134.0663,33.6886],[134.0701,33.7112],[134.0561,33.7519],[134.0588,33.7767],[134.0333,33.8093],[134.0327,33.8284],[133.9959,33.8219],[133.9875,33.8395],[133.9598,33.8347],[133.9413,33.7992],[133.9128,33.7914],[133.8724,33.8062],[133.8387,33.8452],[133.8178,33.8373],[133.7758,33.8423],[133.7482,33.8368],[133.7383,33.8497],[133.6777,33.8585],[133.6607,33.8818]]],[[[132.5443,32.75],[132.5355,32.7313],[132.5701,32.7137],[132.5718,32.7348],[132.5443,32.75]]]]},"properties":{"name":"高知県"}},
{"type":"Feature","geometry":{"type":"MultiPolygon","coordinates":[[[[130.2939,33.6667],[130.3161,33.6616],[130.3034,33.6876],[130.2939,33.6667]]],[[[130.408,33.8998],[130.4265,33.8869],[130.4478,33.9124],[130.4097,33.9105],[130.408,33.8998]]],[[[130.3558,33.1404],[130.3733,33.1413],[130.3733,33.1197],[130.3977,33.1079],[130.3896,33.0937],[130.4135,33.085],[130.4253,33.053],[130.4231,33.0295],[130.3967,33],[130.4141,33.0023],[130.5061,33.0028],[130.5158,33.014],[130.495,33.0487],[130.5354,33.0781],[130.5656,33.0871],[130.5618,33.1042],[130.5802,33.116],[130.6156,33.1086],[130.6587,33.115],[130.6675,33.157],[130.68,33.1713],[130.691,33.1549],[130.7345,33.1534],[130.7709,33.1243],[130.7892,33.124],[130.8398,33.1041],[130.8533,33.1091],[130.8796,33.153],[130.8735,33.1679],[130.8875,33.1863],[130.8365,33.2106],[130.8596,33.2291],[130.8263,33.2368],[130.8287,33.2575],[130.8639,33.2612],[130.8521,33.2775],[130.8663,33.2921],[130.8506,33.3367],[130.8353,33.3435],[130.8618,33.3626],[130.8624,33.3767],[130.8858,33.3792],[130.8949,33.4462],[130.9263,33.4576],[130.9424,33.4856],[130.9768,33.5071],[131.0455,33.5099],[131.119,33.5021],[131.1774,33.5083],[131.1667,33.5287],[131.1906,33.558],[131.1733,33.5909],[131.1856,33.6169],[131.1617,33.6165],[131.115,33.6305],[131.1001,33.6181],[131.0515,33.6861],[131.0306,33.7055],[131.0193,33.7454],[131.0008,33.7573],[131.0177,33.768],[130.9935,33.7946],[131.0192,33.8048],[131.0118,33.8196],[130.9666,33.8095],[130.9604,33.839],[130.9762,33.8344],[130.9982,33.8683],[130.9821,33.8671],[131.004,33.8895],[131.0108,33.9419],[131.0201,33.9623],[130.963,33.9622],[130.9319,33.9078],[130.893,33.8963],[130.855,33.9295],[130.8248,33.9205],[130.8227,33.9036],[130.7973,33.8856],[130.7499,33.8739],[130.8143,33.9022],[130.8159,33.9265],[130.7775,33.9343],[130.7526,33.9452],[130.738,33.927],[130.7017,33.9386],[130.6655,33.9146],[130.6632,33.9011],[130.6297,33.8833],[130.591,33.8778],[130.5648,33.8907],[130.5243,33.8879],[130.5114,33.8569],[130.4791,33.8581],[130.4782,33.8279],[130.4658,33.8117],[130.444,33.8154],[130.4503,33.7848],[130.4708,33.7742],[130.4612,33.7405],[130.4239,33.7192],[130.3997,33.6872],[130.3673,33.6692],[130.325,33.6601],[130.3613,33.6442],[130.3684,33.6651],[130.4305,33.6868],[130.4345,33.6622],[130.3932,33.5973],[130.3736,33.6051],[130.3468,33.595],[130.3136,33.5981],[130.2926,33.5801],[130.2644,33.594],[130.2751,33.6098],[130.2318,33.6169],[130.2239,33.6342],[130.2371,33.6488],[130.2101,33.6674],[130.2066,33.6466],[130.1542,33.6211],[130.1488,33.5967],[130.0889,33.5833],[130.0977,33.5644],[130.1197,33.5746],[130.1413,33.5499],[130.1653,33.555],[130.1539,33.5371],[130.125,33.5245],[130.1268,33.51],[130.0995,33.5102],[130.0497,33.4908],[130.039,33.47],[130.1388,33.4704],[130.1568,33.4767],[130.1828,33.4666],[130.1985,33.4812],[130.2524,33.471],[130.2767,33.4789],[130.3635,33.4349],[130.398,33.4266],[130.4077,33.3986],[130.4383,33.4003],[130.4422,33.4156],[130.4766,33.4385],[130.5111,33.4491],[130.537,33.4383],[130.542,33.3663],[130.536,33.343],[130.5121,33.3441],[130.4995,33.3256],[130.4841,33.3329],[130.4849,33.3062],[130.4556,33.3008],[130.4649,33.2849],[130.4171,33.2673],[130.4149,33.2526],[130.389,33.2571],[130.3733,33.2443],[130.3762,33.2199],[130.3397,33.205],[130.3531,33.1805],[130.3558,33.1404]]],[[[130.7833,33.9351],[130.8223,33.9304],[130.845,33.9392],[130.7774,33.9461],[130.7833,33.9351]]]]},"properties":{"name":"福岡県"}},
{"type":"Feature","geometry":{"type":"Polygon","coordinates":[[[130.039,33.47],[130.0413,33.4561],[130.0083,33.446],[129.9687,33.4554],[129.9597,33.4831],[129.9374,33.4816],[129.9693,33.5115],[129.9579,33.529],[129.8977,33.5492],[129.8823,33.5232],[129.8509,33.5564],[129.8565,33.5332],[129.8296,33.5052],[129.8589,33.4555],[129.8349,33.4508],[129.8266,33.4793],[129.8064,33.4857],[129.7938,33.4723],[129.8084,33.4588],[129.7833,33.4507],[129.825,33.424],[129.8238,33.4119],[129.8641,33.4107],[129.8708,33.3885],[129.8496,33.3475],[129.8305,33.3359],[129.8468,33.3278],[129.8338,33.2908],[129.7908,33.3404],[129.7766,33.3329],[129.759,33.2909],[129.8154,33.2391],[129.8069,33.2112],[129.8171,33.1845],[129.8535,33.1763],[129.8881,33.1562],[129.9414,33.1599],[129.9563,33.1286],[129.9513,33.11],[129.9253,33.1059],[129.9388,33.0742],[129.9833,33.0568],[130.0011,33.0257],[130.0889,32.9741],[130.2036,32.9571],[130.2227,32.9738],[130.1911,32.9914],[130.17,33.0491],[130.1451,33.0727],[130.1261,33.1172],[130.1498,33.1126],[130.2222,33.165],[130.2334,33.1942],[130.2513,33.1902],[130.2857,33.1617],[130.2885,33.1467],[130.3558,33.1404],[130.3531,33.1805],[130.3397,33.205],[130.3762,33.2199],[130.3733,33.2443],[130.389,33.2571],[130.4149,33.2526],[130.4171,33.2673],[130.4649,33.2849],[130.4556,33.3008],[130.4849,33.3062],[130.4841,33.3329],[130.4995,33.3256],[130.5121,33.3441],[130.536,33.343],[130.542,33.3663],[130.537,33.4383],[130.5111,33.4491],[130.4766,33.4385],[130.4422,33.4156],[130.4383,33.4003],[130.4077,33.3986],[130.398,33.4266],[130.3635,33.4349],[130.2767,33.4789],[130.2524,33.471],[130.1985,33.4812],[130.1828,33.4666],[130.1568,33.4767],[130.1388,33.4704],[130.039,33.47]]]},"properties":{"name":"佐賀県"}},
{"type":"Feature","geometry":{"type":"MultiPolygon","coordinates":[[[[129,32.8683],[129.0303,32.8534],[129.033,32.895],[129.011,32.9259],[128.9897,32.9331],[128.9806,32.907],[128.9968,32.8952],[128.961,32.8992],[128.9687,32.8701],[129,32.8683]]],[[[129.6103,32.9167],[129.6239,32.9373],[129.5948,32.9452],[129.6103,32.9167]]],[[[129.0477,32.8333],[129.0634,32.817],[129.0661,32.8625],[129.1002,32.8602],[129.0915,32.8915],[129.1114,32.9412],[129.142,32.9383],[129.1484,32.956],[129.1823,32.9715],[129.176,33.0074],[129.1347,33.0007],[129.1109,32.9819],[129.0947,32.9862],[129.0913,33.0386],[129.1171,33.0853],[129.1208,33.1067],[129.0991,33.1249],[129.1078,33.0884],[129.0856,33.0754],[129.0885,33.0256],[129.0702,33.0193],[129.0669,33.0438],[129.0423,33.0277],[129.0436,32.9868],[129.0604,32.9805],[128.9977,32.9666],[129.0211,32.9328],[129.0509,32.9214],[129.0545,32.9004],[129.0404,32.8795],[129.0477,32.8333]]],[[[129.7908,33.3404],[129.7916,33.3674],[129.7736,33.3556],[129.7546,33.3661],[129.7057,33.3465],[129.697,33.3613],[129.6777,33.3531],[129.6728,33.3993],[129.6536,33.3706],[129.6259,33.3616],[129.612,33.3738],[129.5781,33.38],[129.5746,33.3299],[129.562,33.3249],[129.5952,33.2976],[129.5891,33.2717],[129.5694,33.268],[129.5666,33.2297],[129.5529,33.2172],[129.5837,33.216],[129.6361,33.1957],[129.6392,33.2201],[129.6506,33.1737],[129.6783,33.1625],[129.6718,33.1173],[129.7117,33.1177],[129.7051,33.1559],[129.7135,33.1668],[129.726,33.1265],[129.7523,33.1452],[129.7851,33.1433],[129.794,33.1384],[129.7979,33.1315],[129.7961,33.1112],[129.7879,33.1029],[129.8009,33.068],[129.8375,33.0594],[129.8225,33.0366],[129.8546,33.0624],[129.8749,33.0654],[129.9043,33.0394],[129.9457,33.0151],[129.9501,32.9854],[129.9358,32.9756],[129.9316,32.9237],[129.9539,32.9051],[129.9628,32.876],[130.005,32.8405],[129.9797,32.8381],[129.8971,32.88],[129.8438,32.8425],[129.7961,32.8823],[129.8096,32.8892],[129.7918,32.9129],[129.7856,32.9478],[129.8071,32.9165],[129.8185,32.9473],[129.8075,32.9608],[129.8241,32.9725],[129.8112,32.9995],[129.7641,33.0219],[129.742,32.9885],[129.7328,33.0022],[129.7497,33.0603],[129.7271,33.0466],[129.7296,33.0755],[129.6773,33.0993],[129.6745,33.0632],[129.6469,33.037],[129.654,33.0113],[129.6274,32.9792],[129.6387,32.9183],[129.6436,32.9321],[129.6743,32.8845],[129.7001,32.8336],[129.7184,32.8334],[129.7394,32.8069],[129.746,32.8197],[129.7755,32.817],[129.7663,32.8003],[129.8012,32.7773],[129.7971,32.76],[129.8149,32.756],[129.8452,32.7201],[129.8653,32.7492],[129.8423,32.6957],[129.8291,32.7071],[129.805,32.6908],[129.8197,32.6856],[129.8173,32.6555],[129.7919,32.6306],[129.7906,32.6147],[129.7357,32.5806],[129.8045,32.5907],[129.8378,32.621],[129.835,32.6318],[129.8961,32.6627],[129.9157,32.6989],[129.9566,32.743],[129.9583,32.7652],[130.024,32.7584],[130.0835,32.7945],[130.1243,32.7878],[130.1791,32.7946],[130.1931,32.783],[130.184,32.7634],[130.2058,32.7555],[130.2064,32.7275],[130.1601,32.6941],[130.1326,32.6815],[130.1296,32.6408],[130.1616,32.6271],[130.1751,32.6073],[130.1697,32.5909],[130.2181,32.6054],[130.2553,32.6287],[130.2735,32.6541],[130.3005,32.6513],[130.3484,32.6743],[130.3576,32.6951],[130.3458,32.7081],[130.3765,32.74],[130.3773,32.7888],[130.3571,32.8169],[130.341,32.8552],[130.3044,32.8795],[130.2438,32.8756],[130.1952,32.8481],[130.1553,32.8936],[130.1655,32.9139],[130.2019,32.9291],[130.2036,32.9571],[130.0889,32.9741],[130.0011,33.0257],[129.9833,33.0568],[129.9388,33.0742],[129.9253,33.1059],[129.9513,33.11],[129.9563,33.1286],[129.9414,33.1599],[129.8881,33.1562],[129.8535,33.1763],[129.8171,33.1845],[129.8069,33.2112],[129.8154,33.2391],[129.759,33.2909],[129.7766,33.3329],[129.7908,33.3404]]],[[[129.0333,33.1951],[129.0461,33.1846],[129.0683,33.1939],[129.089,33.1861],[129.08,33.2083],[129.0533,33.2196],[129.0333,33.1951]]],[[[129.4225,33.4167],[129.4042,33.3648],[129.4351,33.3548],[129.4368,33.3964],[129.4225,33.4167]]],[[[128.8353,32.8333],[128.8402,32.7839],[128.8661,32.7634],[128.883,32.7647],[128.9025,32.7885],[128.9058,32.8134],[128.865,32.8445],[128.8763,32.7977],[128.8617,32.8041],[128.8647,32.8304],[128.8353,32.8333]]],[[[128.9253,32.8333],[128.9393,32.8243],[128.9403,32.7997],[128.9562,32.8287],[128.9584,32.869],[128.9492,32.8727],[128.9325,32.8388],[128.9163,32.8701],[128.8888,32.8774],[128.8795,32.8678],[128.9253,32.8333]]],[[[128.7519,32.5833],[128.7729,32.5745],[128.7888,32.6058],[128.7629,32.6182],[128.7701,32.6448],[128.8064,32.6555],[128.8181,32.6373],[128.8927,32.6407],[128.8829,32.6696],[128.8534,32.6898],[128.8395,32.7248],[128.8478,32.7531],[128.83,32.7545],[128.8041,32.7767],[128.7764,32.7724],[128.7783,32.7363],[128.7521,32.7685],[128.692,32.7406],[128.6973,32.7664],[128.6636,32.7833],[128.6403,32.7612],[128.66,32.7108],[128.6492,32.6809],[128.6693,32.67],[128.668,32.6462],[128.6399,32.6388],[128.6372,32.6256],[128.6661,32.6272],[128.6428,32.605],[128.6151,32.6455],[128.5982,32.6126],[128.6569,32.5909],[128.6656,32.6084],[128.6884,32.6025],[128.7368,32.607],[128.7519,32.5833]]],[[[128.963,32.75],[128.9864,32.7418],[129.0043,32.7505],[129.0073,32.7701],[128.9923,32.7914],[128.9792,32.7605],[128.963,32.75]]],[[[129.125,33.1623],[129.1435,33.1925],[129.1228,33.2137],[129.125,33.1623]]],[[[129.625,33.0353],[129.6365,33.0621],[129.6055,33.063],[129.5872,33.0278],[129.625,33.0353]]],[[[129.7998,33.4128],[129.812,33.3483],[129.8584,33.3814],[129.8288,33.3915],[129.8301,33.4069],[129.7998,33.4128]]],[[[129.5,33.4718],[129.5283,33.486],[129.5538,33.4694],[129.5803,33.4971],[129.5539,33.4893],[129.5521,33.5098],[129.5335,33.5029],[129.5,33.4718]]],[[[129.719,33.4167],[129.7313,33.4064],[129.7565,33.4163],[129.7613,33.4325],[129.7894,33.4251],[129.7689,33.4433],[129.7713,33.4604],[129.7534,33.4704],[129.75,33.4438],[129.719,33.4167]]],[[[129.239,33],[129.2558,33.0016],[129.2486,33.0213],[129.2227,33.002],[129.239,33]]],[[[129.1034,33.25],[129.1262,33.2471],[129.1498,33.2698],[129.1359,33.3008],[129.0929,33.2877],[129.0698,33.271],[129.1034,33.25]]],[[[129.375,33.1688],[129.434,33.1909],[129.4635,33.2138],[129.5046,33.2714],[129.4948,33.2824],[129.5239,33.3025],[129.5138,33.3304],[129.5367,33.3331],[129.5584,33.3659],[129.5544,33.4095],[129.5243,33.4067],[129.5221,33.3868],[129.5519,33.3807],[129.5137,33.3568],[129.5109,33.3814],[129.4978,33.3552],[129.4372,33.3471],[129.4325,33.3144],[129.4431,33.2891],[129.4069,33.278],[129.4105,33.249],[129.4273,33.2454],[129.4241,33.2263],[129.4084,33.2401],[129.3803,33.2239],[129.3804,33.208],[129.406,33.1976],[129.3986,33.1798],[129.373,33.1846],[129.363,33.2029],[129.3495,33.1819],[129.375,33.1688]]],[[[129.6777,33.75],[129.6766,33.7283],[129.7152,33.707],[129.7345,33.7393],[129.7865,33.7423],[129.7965,33.7637],[129.7579,33.7757],[129.7835,33.7889],[129.7486,33.8067],[129.7731,33.8422],[129.7243,33.8505],[129.7043,33.8635],[129.6764,33.8454],[129.6704,33.8264],[129.6882,33.8073],[129.6616,33.8134],[129.6601,33.7757],[129.6427,33.7679],[129.6537,33.7467],[129.6777,33.75]]],[[[129.375,34.2936],[129.3483,34.2851],[129.3594,34.2706],[129.3932,34.2968],[129.375,34.2936]]],[[[129.1733,34.1667],[129.1679,34.1015],[129.1826,34.118],[129.2294,34.0947],[129.261,34.1144],[129.254,34.1254],[129.2819,34.1304],[129.2753,34.147],[129.2973,34.1865],[129.2957,34.2157],[129.3258,34.2261],[129.3153,34.2427],[129.3306,34.2759],[129.353,34.2774],[129.3393,34.2996],[129.2988,34.2869],[129.295,34.3187],[129.2669,34.3225],[129.2819,34.305],[129.25,34.3054],[129.222,34.2917],[129.2288,34.3157],[129.2042,34.3292],[129.1962,34.3133],[129.1985,34.2741],[129.1852,34.246],[129.1733,34.1667]]],[[[129.3514,34.3333],[129.3332,34.3188],[129.3539,34.2958],[129.378,34.3242],[129.375,34.3456],[129.3934,34.3624],[129.3754,34.3885],[129.3525,34.389],[129.3786,34.4134],[129.3696,34.4519],[129.4371,34.5075],[129.4687,34.5503],[129.476,34.5848],[129.4702,34.6075],[129.4906,34.6429],[129.4745,34.6452],[129.4865,34.6757],[129.4708,34.6956],[129.4185,34.6957],[129.4025,34.664],[129.3654,34.6385],[129.3585,34.6494],[129.3197,34.6468],[129.3062,34.5891],[129.2868,34.5692],[129.3053,34.5684],[129.3253,34.5354],[129.3084,34.5259],[129.2733,34.4661],[129.2785,34.4138],[129.2749,34.3749],[129.2274,34.3626],[129.2541,34.3498],[129.3068,34.3555],[129.314,34.3404],[129.3222,34.3703],[129.3413,34.3585],[129.3514,34.3333]]],[[[129.75,33.063],[129.7627,33.0541],[129.7934,33.0826],[129.7865,33.1041],[129.7936,33.1109],[129.7938,33.1376],[129.767,33.1429],[129.7466,33.0985],[129.7288,33.1001],[129.75,33.063]]]]},"properties":{"name":"長崎県"}},
{"type":"Feature","geometry":{"type":"MultiPolygon","coordinates":[[[[130.3296,32.3333],[130.3449,32.3123],[130.3741,32.343],[130.3561,32.3517],[130.3296,32.3333]]],[[[130,32.2355],[129.9908,32.1969],[130.013,32.1895],[130.0451,32.1991],[130.1022,32.2355],[130.1227,32.2784],[130.145,32.2815],[130.1635,32.3016],[130.1599,32.3351],[130.1727,32.3105],[130.1997,32.3226],[130.2255,32.3688],[130.2194,32.3925],[130.1973,32.4018],[130.2161,32.4216],[130.197,32.4585],[130.2086,32.4723],[130.1925,32.4961],[130.1987,32.5099],[130.188,32.5485],[130.1179,32.5435],[130.066,32.5159],[130.0443,32.5125],[130.0256,32.5378],[130.0474,32.491],[130.0379,32.4665],[130.0066,32.428],[129.9963,32.3912],[129.9748,32.3558],[129.9778,32.33],[129.9938,32.3074],[130.0382,32.3129],[130.0714,32.3005],[130.0628,32.2785],[130.044,32.2981],[130.0109,32.2984],[129.9673,32.2435],[130,32.2355]]],[[[130.3538,32.3767],[130.4002,32.3979],[130.4196,32.4324],[130.4081,32.4334],[130.4368,32.4688],[130.4552,32.5223],[130.4379,32.5276],[130.4049,32.5148],[130.3947,32.5],[130.3595,32.5273],[130.3157,32.5176],[130.2818,32.4841],[130.2046,32.4514],[130.2282,32.4117],[130.2439,32.4124],[130.2524,32.3875],[130.2619,32.4105],[130.3105,32.3958],[130.3418,32.4063],[130.3538,32.3767]]],[[[130.4558,32.5892],[130.4579,32.6145],[130.4444,32.6256],[130.4195,32.6167],[130.3941,32.5894],[130.417,32.581],[130.4053,32.5508],[130.4534,32.5542],[130.4427,32.5693],[130.4558,32.5892]]],[[[130.4141,33.0023],[130.4268,32.996],[130.4319,32.9595],[130.457,32.9054],[130.4761,32.9051],[130.5232,32.8809],[130.5228,32.8534],[130.5789,32.8415],[130.6144,32.7927],[130.5985,32.7782],[130.607,32.713],[130.5679,32.6993],[130.5379,32.665],[130.4996,32.6541],[130.451,32.6239],[130.467,32.6046],[130.5326,32.6214],[130.5789,32.6215],[130.6517,32.6427],[130.6536,32.6129],[130.6408,32.6236],[130.6177,32.6167],[130.6343,32.6035],[130.5899,32.5762],[130.5624,32.538],[130.5362,32.5259],[130.5676,32.5067],[130.5425,32.4845],[130.565,32.476],[130.5731,32.4408],[130.4892,32.3664],[130.5075,32.3548],[130.4827,32.3442],[130.4662,32.3214],[130.4776,32.287],[130.4488,32.2877],[130.4505,32.2725],[130.4225,32.2382],[130.3942,32.2274],[130.3802,32.1921],[130.3608,32.1686],[130.3867,32.1474],[130.4027,32.1202],[130.467,32.1157],[130.4769,32.139],[130.5402,32.1374],[130.5423,32.1496],[130.5827,32.1549],[130.6105,32.1867],[130.6227,32.1561],[130.6516,32.1513],[130.655,32.1357],[130.6991,32.107],[130.7206,32.1008],[130.7335,32.1084],[130.8208,32.0949],[130.839,32.1072],[130.8571,32.0997],[130.8781,32.1211],[130.9134,32.1304],[130.9326,32.1164],[130.9745,32.1209],[130.9747,32.1368],[131.0132,32.1744],[131.0585,32.1549],[131.109,32.1601],[131.1005,32.2015],[131.0843,32.2062],[131.0711,32.2369],[131.0427,32.2482],[131.0515,32.2866],[131.0705,32.2804],[131.0905,32.294],[131.1119,32.3298],[131.078,32.3551],[131.068,32.4076],[131.0438,32.4081],[131.0199,32.4387],[131.007,32.4901],[131.0094,32.5154],[131.0247,32.5202],[131.018,32.5464],[131.039,32.5544],[131.0522,32.5877],[131.1082,32.5821],[131.1205,32.6055],[131.1162,32.6427],[131.1514,32.6801],[131.1748,32.6718],[131.1793,32.7097],[131.2315,32.744],[131.2465,32.7694],[131.2578,32.8181],[131.2861,32.8314],[131.3295,32.833],[131.3102,32.8528],[131.2638,32.8794],[131.2532,32.898],[131.2461,32.9587],[131.2632,32.9772],[131.2281,33.0104],[131.216,33.0511],[131.1745,33.0831],[131.1669,33.1287],[131.1478,33.155],[131.1155,33.1803],[131.0603,33.1951],[131.0388,33.1941],[131.0166,33.1779],[130.9942,33.1838],[130.9819,33.1561],[130.994,33.1194],[131.0241,33.0875],[131.0107,33.0699],[131.0118,33.0431],[130.9909,33.0238],[130.9703,33.0238],[130.9468,33.0528],[130.9159,33.0535],[130.8897,33.0836],[130.8398,33.1041],[130.7892,33.124],[130.7709,33.1243],[130.7345,33.1534],[130.691,33.1549],[130.68,33.1713],[130.6675,33.157],[130.6587,33.115],[130.6156,33.1086],[130.5802,33.116],[130.5618,33.1042],[130.5656,33.0871],[130.5354,33.0781],[130.495,33.0487],[130.5158,33.014],[130.5061,33.0028],[130.4141,33.0023]]],[[[130.3,32.3563],[130.3214,32.3404],[130.3423,32.3554],[130.3132,32.3647],[130.3,32.3563]]],[[[130.4869,32.5833],[130.5093,32.5917],[130.5091,32.6072],[130.4829,32.5999],[130.4869,32.5833]]],[[[130.4657,32.5833],[130.4643,32.5396],[130.4874,32.5702],[130.4657,32.5833]]]]},"properties":{"name":"熊本県"}},
{"type":"Feature","geometry":{"type":"MultiPolygon","coordinates":[[[[131.9248,33],[131.9249,32.9806],[131.9453,32.9961],[131.9248,33]]],[[[130.8398,33.1041],[130.8897,33.0836],[130.9159,33.0535],[130.9468,33.0528],[130.9703,33.0238],[130.9909,33.0238],[131.0118,33.0431],[131.0107,33.0699],[131.0241,33.0875],[130.994,33.1194],[130.9819,33.1561],[130.9942,33.1838],[131.0166,33.1779],[131.0388,33.1941],[131.0603,33.1951],[131.1155,33.1803],[131.1478,33.155],[131.1669,33.1287],[131.1745,33.0831],[131.216,33.0511],[131.2281,33.0104],[131.2632,32.9772],[131.2461,32.9587],[131.2532,32.898],[131.2638,32.8794],[131.3102,32.8528],[131.3295,32.833],[131.3639,32.8034],[131.4212,32.8119],[131.437,32.8286],[131.4749,32.8367],[131.5175,32.8008],[131.5121,32.7697],[131.5689,32.7542],[131.5901,32.7741],[131.6763,32.7684],[131.7125,32.7735],[131.7279,32.7974],[131.7357,32.8311],[131.7655,32.8371],[131.7939,32.8219],[131.8245,32.8299],[131.8588,32.8214],[131.8443,32.7769],[131.847,32.7359],[131.8857,32.7459],[131.8685,32.7748],[131.8782,32.7916],[131.8926,32.7649],[131.8948,32.7885],[131.9172,32.7955],[131.9364,32.7844],[131.9462,32.8042],[131.9632,32.7943],[132.008,32.8369],[131.9864,32.8461],[131.9668,32.8382],[131.9628,32.8188],[131.9497,32.855],[131.9617,32.8469],[132.0007,32.8786],[131.9862,32.8894],[131.9841,32.9135],[132.0098,32.9058],[132.0085,32.9249],[132.082,32.9432],[132.044,32.9471],[132.01,32.9327],[131.9594,32.9464],[131.9238,32.9648],[131.8896,32.9918],[131.9318,33.0532],[131.9803,33.0466],[132.0067,33.0608],[131.9867,33.0892],[131.989,33.0684],[131.948,33.0663],[131.929,33.0913],[131.9259,33.0661],[131.9072,33.0814],[131.8614,33.0774],[131.8762,33.1061],[131.9146,33.1231],[131.878,33.1306],[131.8458,33.115],[131.8008,33.1258],[131.8286,33.1501],[131.8218,33.1622],[131.8392,33.1865],[131.8691,33.2012],[131.8756,33.2439],[131.8927,33.2463],[131.903,33.2675],[131.8063,33.2421],[131.7513,33.2483],[131.7052,33.2746],[131.6807,33.2792],[131.6143,33.2621],[131.5893,33.2456],[131.5126,33.2675],[131.496,33.3298],[131.498,33.3582],[131.5389,33.3655],[131.5494,33.3505],[131.5969,33.3498],[131.5981,33.3701],[131.6441,33.3753],[131.6497,33.386],[131.6271,33.411],[131.6356,33.4234],[131.7014,33.406],[131.7272,33.4661],[131.7386,33.465],[131.7323,33.5166],[131.7444,33.5432],[131.7337,33.5808],[131.701,33.6139],[131.6608,33.6698],[131.6357,33.6823],[131.6072,33.6786],[131.5864,33.6922],[131.5663,33.6747],[131.4999,33.6713],[131.4681,33.6135],[131.4623,33.6192],[131.4242,33.5921],[131.4345,33.5703],[131.3339,33.5813],[131.2782,33.5811],[131.2557,33.5989],[131.1856,33.6169],[131.1733,33.5909],[131.1906,33.558],[131.1667,33.5287],[131.1774,33.5083],[131.119,33.5021],[131.0455,33.5099],[130.9768,33.5071],[130.9424,33.4856],[130.9263,33.4576],[130.8949,33.4462],[130.8858,33.3792],[130.8624,33.3767],[130.8618,33.3626],[130.8353,33.3435],[130.8506,33.3367],[130.8663,33.2921],[130.8521,33.2775],[130.8639,33.2612],[130.8287,33.2575],[130.8263,33.2368],[130.8596,33.2291],[130.8365,33.2106],[130.8875,33.1863],[130.8735,33.1679],[130.8796,33.153],[130.8533,33.1091],[130.8398,33.1041]]],[[[131.633,33.7223],[131.6657,33.7168],[131.6904,33.7324],[131.6675,33.7402],[131.633,33.7223]]]]},"properties":{"name":"大分県"}},
{"type":"Feature","geometry":{"type":"Polygon","coordinates":[[[130.7206,32.1008],[130.7036,32.0772],[130.7039,32.0577],[130.7356,32.0482],[130.7769,32.0165],[130.7842,31.9791],[130.7995,31.9502],[130.8405,31.9427],[130.8823,31.9212],[130.9024,31.8844],[130.8892,31.8517],[130.8762,31.8442],[130.8843,31.8054],[130.9151,31.8049],[130.9295,31.7864],[130.987,31.7801],[130.9785,31.7516],[131.0152,31.7488],[131.0131,31.7131],[131.0286,31.6975],[131.0256,31.6669],[131.0543,31.6335],[131.0793,31.6602],[131.1278,31.6265],[131.1644,31.6395],[131.1884,31.6246],[131.1852,31.6101],[131.2054,31.5799],[131.1893,31.5572],[131.2015,31.5311],[131.1968,31.5116],[131.1721,31.502],[131.1603,31.4619],[131.2066,31.4528],[131.2356,31.4052],[131.2629,31.3794],[131.3103,31.3903],[131.3365,31.3609],[131.343,31.4117],[131.3653,31.4206],[131.3711,31.4491],[131.3628,31.4719],[131.3889,31.485],[131.3737,31.5058],[131.3844,31.5584],[131.4205,31.6071],[131.4459,31.6175],[131.4684,31.6453],[131.4511,31.6814],[131.4682,31.6865],[131.4632,31.734],[131.4877,31.7866],[131.4551,31.8168],[131.453,31.8614],[131.469,31.9126],[131.4555,31.8978],[131.5172,32.0804],[131.5401,32.1321],[131.5413,32.1494],[131.5718,32.2531],[131.5982,32.3179],[131.6286,32.3418],[131.6224,32.3554],[131.6446,32.4082],[131.6839,32.4185],[131.6759,32.4431],[131.651,32.4347],[131.6599,32.4836],[131.6962,32.4695],[131.7273,32.4923],[131.7134,32.5176],[131.6927,32.5152],[131.6824,32.5404],[131.7069,32.5854],[131.7424,32.592],[131.7732,32.6342],[131.7629,32.6587],[131.7772,32.674],[131.8155,32.6869],[131.8266,32.7066],[131.843,32.6905],[131.8576,32.7294],[131.8857,32.7459],[131.847,32.7359],[131.8443,32.7769],[131.8588,32.8214],[131.8245,32.8299],[131.7939,32.8219],[131.7655,32.8371],[131.7357,32.8311],[131.7279,32.7974],[131.7125,32.7735],[131.6763,32.7684],[131.5901,32.7741],[131.5689,32.7542],[131.5121,32.7697],[131.5175,32.8008],[131.4749,32.8367],[131.437,32.8286],[131.4212,32.8119],[131.3639,32.8034],[131.3295,32.833],[131.2861,32.8314],[131.2578,32.8181],[131.2465,32.7694],[131.2315,32.744],[131.1793,32.7097],[131.1748,32.6718],[131.1514,32.6801],[131.1162,32.6427],[131.1205,32.6055],[131.1082,32.5821],[131.0522,32.5877],[131.039,32.5544],[131.018,32.5464],[131.0247,32.5202],[131.0094,32.5154],[131.007,32.4901],[131.0199,32.4387],[131.0438,32.4081],[131.068,32.4076],[131.078,32.3551],[131.1119,32.3298],[131.0905,32.294],[131.0705,32.2804],[131.0515,32.2866],[131.0427,32.2482],[131.0711,32.2369],[131.0843,32.2062],[131.1005,32.2015],[131.109,32.1601],[131.0585,32.1549],[131.0132,32.1744],[130.9747,32.1368],[130.9745,32.1209],[130.9326,32.1164],[130.9134,32.1304],[130.8781,32.1211],[130.8571,32.0997],[130.839,32.1072],[130.8208,32.0949],[130.7335,32.1084],[130.7206,32.1008]]]},"properties":{"name":"宮崎県"}},
{"type":"Feature","geometry":{"type":"MultiPolygon","coordinates":[[[[130.8411,30.75],[130.8365,30.7277],[130.86,30.7262],[130.868,30.741],[130.8576,30.7658],[130.8411,30.75]]],[[[130.875,30.3457],[130.9412,30.376],[130.966,30.3739],[130.9789,30.4026],[130.9777,30.4329],[130.9614,30.4543],[130.9626,30.4786],[130.9943,30.5299],[131.0332,30.5686],[131.0339,30.589],[131.0551,30.6049],[131.0498,30.6468],[131.067,30.6921],[131.0778,30.6956],[131.0716,30.7679],[131.0834,30.7827],[131.0553,30.8389],[131.0029,30.7824],[131.0088,30.7661],[130.9789,30.7255],[130.9586,30.6865],[130.9416,30.6725],[130.9534,30.5934],[130.9451,30.5712],[130.8976,30.4954],[130.8695,30.4639],[130.851,30.4682],[130.8651,30.4181],[130.8575,30.3713],[130.875,30.3457]]],[[[130.25,32.3044],[130.223,32.2929],[130.2095,32.255],[130.2354,32.2615],[130.2692,32.2825],[130.25,32.3044]]],[[[129.5906,29.4577],[129.6202,29.4502],[129.5943,29.4769],[129.5906,29.4577]]],[[[129.7083,29.6667],[129.6836,29.652],[129.698,29.6033],[129.7335,29.6276],[129.743,29.6694],[129.7083,29.6667]]],[[[130.2667,30.7797],[130.3136,30.7809],[130.3216,30.7914],[130.3026,30.8084],[130.2667,30.7797]]],[[[129.9049,30.8333],[129.9373,30.8122],[129.9637,30.8355],[129.9269,30.8498],[129.9049,30.8333]]],[[[128.3979,27.038],[128.4453,27.019],[128.4551,27.0477],[128.4405,27.0658],[128.4152,27.0599],[128.3979,27.038]]],[[[129.8528,29.8333],[129.8791,29.8168],[129.9184,29.8237],[129.8953,29.844],[129.8931,29.8693],[129.8507,29.8836],[129.8341,29.86],[129.8528,29.8333]]],[[[129.9105,30],[129.8995,29.9767],[129.9345,29.949],[129.9472,29.9599],[129.9105,30]]],[[[129.9568,28.3333],[129.9231,28.3238],[129.9197,28.2905],[129.9438,28.2744],[129.9778,28.288],[130.0055,28.3341],[130.0338,28.3682],[130.0087,28.3757],[129.9568,28.3333]]],[[[128.5494,27.3333],[128.5642,27.3287],[128.6069,27.3447],[128.6361,27.3652],[128.6772,27.4141],[128.7137,27.4348],[128.6915,27.4408],[128.6349,27.4093],[128.5964,27.3978],[128.5295,27.402],[128.52,27.3732],[128.5494,27.3333]]],[[[128.9248,27.6667],[128.9362,27.661],[128.9822,27.6684],[129.0322,27.7466],[129.0377,27.7682],[129.0149,27.7809],[128.997,27.8057],[128.9708,27.816],[128.9567,27.8594],[128.9759,27.8726],[128.9695,27.8929],[128.9053,27.894],[128.8888,27.877],[128.8919,27.8526],[128.8791,27.8265],[128.8916,27.8194],[128.8899,27.7868],[128.9062,27.7655],[128.8997,27.736],[128.881,27.7223],[128.9166,27.6963],[128.9248,27.6667]]],[[[130.25,30.4544],[130.2354,30.47],[130.1449,30.4904],[130.1688,30.4579],[130.1915,30.4635],[130.1926,30.4391],[130.2119,30.4219],[130.2629,30.4478],[130.25,30.4544]]],[[[129.1796,28.2966],[129.2207,28.2851],[129.2125,28.2984],[129.1796,28.2966]]],[[[129.25,28.0166],[129.2694,28.0173],[129.2657,28.0365],[129.2358,28.031],[129.2167,28.0547],[129.2115,28.0228],[129.25,28.0166]]],[[[129.1908,29.1491],[129.2201,29.1267],[129.2186,29.1586],[129.1908,29.1491]]],[[[129.1462,28.0164],[129.1655,28.0214],[129.1661,28.0679],[129.1505,28.0474],[129.1462,28.0164]]],[[[129.3191,28.0833],[129.3402,28.0764],[129.3535,28.1089],[129.3411,28.1185],[129.3175,28.1062],[129.3025,28.1222],[129.2948,28.1075],[129.2633,28.1262],[129.2453,28.1221],[129.2568,28.1516],[129.2129,28.1634],[129.2052,28.1834],[129.2301,28.192],[129.2096,28.2009],[129.1757,28.1877],[129.1872,28.159],[129.2199,28.1389],[129.2122,28.1269],[129.222,28.0778],[129.2502,28.1113],[129.2688,28.07],[129.3206,28.0967],[129.3191,28.0833]]],[[[130.5,30.231],[130.5216,30.2266],[130.5856,30.2403],[130.6537,30.2994],[130.6715,30.3718],[130.6387,30.4012],[130.5978,30.4174],[130.5434,30.4471],[130.4715,30.4615],[130.4192,30.3961],[130.3813,30.3936],[130.3766,30.3757],[130.392,30.3217],[130.4053,30.3126],[130.4185,30.2702],[130.4364,30.2406],[130.5,30.231]]],[[[129.375,28.1121],[129.3783,28.1258],[129.3508,28.174],[129.4044,28.1571],[129.4063,28.1936],[129.4494,28.1952],[129.4768,28.2106],[129.4078,28.2504],[129.4428,28.2457],[129.4618,28.2974],[129.4863,28.2895],[129.5449,28.3122],[129.5368,28.3305],[129.5624,28.3328],[129.6118,28.3991],[129.6309,28.4072],[129.6659,28.399],[129.6732,28.4107],[129.709,28.4212],[129.719,28.4391],[129.7181,28.4754],[129.6903,28.5028],[129.69,28.5308],[129.6462,28.4972],[129.6717,28.468],[129.6607,28.4463],[129.6492,28.4685],[129.6517,28.4222],[129.6203,28.4182],[129.6288,28.4462],[129.5965,28.4357],[129.6222,28.4755],[129.5952,28.4749],[129.5584,28.4479],[129.5443,28.4625],[129.5164,28.4352],[129.4959,28.3839],[129.4901,28.413],[129.4785,28.4002],[129.4564,28.4113],[129.446,28.38],[129.405,28.3826],[129.3998,28.3556],[129.3877,28.3737],[129.3666,28.3546],[129.3391,28.3685],[129.3051,28.3301],[129.2651,28.3276],[129.2126,28.3026],[129.2488,28.2744],[129.2935,28.2846],[129.2738,28.2613],[129.2138,28.2707],[129.212,28.2527],[129.1824,28.2697],[129.166,28.2561],[129.1417,28.2574],[129.1523,28.2368],[129.1775,28.224],[129.214,28.2272],[129.2419,28.2168],[129.2546,28.2335],[129.2953,28.2195],[129.2645,28.1933],[129.2974,28.1716],[129.2915,28.1534],[129.3216,28.136],[129.3675,28.1294],[129.375,28.1121]]],[[[129.677,31.6667],[129.6588,31.66],[129.6668,31.6353],[129.7125,31.6226],[129.7382,31.6561],[129.7255,31.6711],[129.7482,31.7173],[129.7713,31.7155],[129.778,31.7436],[129.8018,31.7641],[129.7932,31.7768],[129.7739,31.7403],[129.717,31.7275],[129.677,31.6667]]],[[[129.8164,31.7806],[129.8356,31.7975],[129.8396,31.8191],[129.8205,31.8127],[129.8164,31.7806]]],[[[129.8634,31.8333],[129.8711,31.8013],[129.919,31.8169],[129.9313,31.8365],[129.9279,31.869],[129.908,31.8702],[129.9107,31.8429],[129.8815,31.8573],[129.8526,31.883],[129.8349,31.8816],[129.8171,31.8617],[129.8214,31.843],[129.8634,31.8333]]],[[[130.125,32.1171],[130.1633,32.0903],[130.1794,32.1371],[130.2095,32.1537],[130.1872,32.1664],[130.1917,32.1975],[130.176,32.2287],[130.158,32.2258],[130.1456,32.2058],[130.1121,32.2164],[130.091,32.1802],[130.1155,32.1573],[130.113,32.1254],[130.125,32.1171]]],[[[130.3608,32.1686],[130.3524,32.1359],[130.3094,32.1082],[130.2835,32.11],[130.2734,32.1262],[130.2268,32.1288],[130.1759,32.1059],[130.1715,32.0782],[130.1921,32.083],[130.2076,32.0583],[130.1789,32.001],[130.2087,31.9725],[130.2242,31.9107],[130.2127,31.8766],[130.1667,31.7949],[130.1917,31.7465],[130.2138,31.7551],[130.2482,31.7316],[130.2581,31.708],[130.2756,31.7051],[130.3281,31.6331],[130.3349,31.5796],[130.3196,31.5049],[130.2919,31.4531],[130.2714,31.4268],[130.2252,31.4024],[130.1867,31.4103],[130.16,31.44],[130.1346,31.4167],[130.1525,31.3851],[130.2092,31.3482],[130.1896,31.3166],[130.2148,31.3209],[130.2263,31.3057],[130.203,31.2961],[130.2291,31.2789],[130.212,31.2571],[130.2262,31.2503],[130.2824,31.2656],[130.3507,31.2509],[130.3914,31.2555],[130.4338,31.2461],[130.4595,31.2513],[130.4863,31.2371],[130.5156,31.1984],[130.5086,31.1751],[130.5302,31.1634],[130.5538,31.1783],[130.5876,31.1578],[130.6014,31.1823],[130.6261,31.181],[130.6441,31.1971],[130.6296,31.2107],[130.6578,31.2204],[130.65,31.2447],[130.6666,31.2668],[130.6212,31.2766],[130.5647,31.3225],[130.5473,31.3697],[130.5582,31.3861],[130.5276,31.4073],[130.5133,31.4778],[130.5314,31.4843],[130.5425,31.5395],[130.5588,31.5465],[130.5704,31.5753],[130.5628,31.5972],[130.6023,31.632],[130.6196,31.6589],[130.6142,31.6966],[130.6603,31.7286],[130.686,31.735],[130.7172,31.7279],[130.7304,31.7099],[130.7924,31.703],[130.8232,31.6597],[130.786,31.6017],[130.7873,31.586],[130.767,31.5636],[130.7093,31.558],[130.7173,31.6025],[130.6798,31.6289],[130.6289,31.6215],[130.5911,31.5889],[130.6124,31.5623],[130.6391,31.5451],[130.6984,31.5557],[130.7026,31.4596],[130.7317,31.4508],[130.7562,31.4251],[130.7849,31.3629],[130.8029,31.3369],[130.7904,31.3054],[130.7896,31.2507],[130.7729,31.2387],[130.7532,31.2032],[130.7668,31.1806],[130.731,31.1168],[130.6679,31.0852],[130.6576,31.0738],[130.6781,31.0616],[130.6649,31.0118],[130.6829,31.0039],[130.6838,31.0251],[130.7159,31.0298],[130.7173,31.0454],[130.7923,31.0742],[130.8305,31.0938],[130.8773,31.0988],[130.9217,31.1252],[130.9398,31.1274],[130.9792,31.1519],[130.9777,31.1689],[131.0033,31.1898],[131.0171,31.2283],[131.0665,31.2279],[131.0863,31.2497],[131.1317,31.2801],[131.0841,31.274],[131.0735,31.2915],[131.1049,31.3113],[131.1056,31.3335],[131.0182,31.3568],[131.016,31.3799],[131.0325,31.4151],[131.0782,31.4582],[131.085,31.448],[131.1118,31.4745],[131.1603,31.4619],[131.1721,31.502],[131.1968,31.5116],[131.2015,31.5311],[131.1893,31.5572],[131.2054,31.5799],[131.1852,31.6101],[131.1884,31.6246],[131.1644,31.6395],[131.1278,31.6265],[131.0793,31.6602],[131.0543,31.6335],[131.0256,31.6669],[131.0286,31.6975],[131.0131,31.7131],[131.0152,31.7488],[130.9785,31.7516],[130.987,31.7801],[130.9295,31.7864],[130.9151,31.8049],[130.8843,31.8054],[130.8762,31.8442],[130.8892,31.8517],[130.9024,31.8844],[130.8823,31.9212],[130.8405,31.9427],[130.7995,31.9502],[130.7842,31.9791],[130.7769,32.0165],[130.7356,32.0482],[130.7039,32.0577],[130.7036,32.0772],[130.7206,32.1008],[130.6991,32.107],[130.655,32.1357],[130.6516,32.1513],[130.6227,32.1561],[130.6105,32.1867],[130.5827,32.1549],[130.5423,32.1496],[130.5402,32.1374],[130.4769,32.139],[130.467,32.1157],[130.4027,32.1202],[130.3867,32.1474],[130.3608,32.1686]]]]},"properties":{"name":"鹿児島県"}},
{"type":"Feature","geometry":{"type":"MultiPolygon","coordinates":[[[[127.3098,26.25],[127.2828,26.2275],[127.3034,26.2198],[127.3098,26.25]]],[[[131.29,25.9392],[131.3231,25.9319],[131.3321,25.9511],[131.2856,25.961],[131.29,25.9392]]],[[[131.2175,25.8333],[131.2335,25.8126],[131.2636,25.8235],[131.2732,25.8547],[131.2652,25.8669],[131.2206,25.8666],[131.2175,25.8333]]],[[[124.6742,24.6667],[124.6754,24.6433],[124.7082,24.6381],[124.7265,24.6668],[124.6969,24.677],[124.6742,24.6667]]],[[[127.3482,26.1667],[127.3739,26.2021],[127.3528,26.2255],[127.3393,26.1823],[127.3482,26.1667]]],[[[126.7626,26.3333],[126.7806,26.3049],[126.8136,26.2936],[126.8097,26.3315],[126.8262,26.346],[126.779,26.3911],[126.7589,26.3892],[126.7094,26.3674],[126.7173,26.3533],[126.7626,26.3333]]],[[[127.2104,26.5833],[127.2415,26.5774],[127.2369,26.6017],[127.2104,26.5833]]],[[[123.9624,24.3333],[124.0024,24.3327],[123.9726,24.3548],[123.9624,24.3333]]],[[[124,24.2267],[124.0302,24.2378],[123.9983,24.254],[124,24.2267]]],[[[123.75,24.2833],[123.8057,24.2696],[123.83,24.2722],[123.8806,24.2562],[123.881,24.2804],[123.9045,24.2752],[123.8991,24.301],[123.9251,24.3264],[123.9385,24.3656],[123.8823,24.3886],[123.8795,24.4011],[123.8325,24.4075],[123.817,24.3911],[123.8119,24.4113],[123.7816,24.4376],[123.7727,24.4176],[123.7431,24.3937],[123.753,24.377],[123.7447,24.3427],[123.7516,24.3127],[123.7294,24.3417],[123.7115,24.3179],[123.6866,24.3327],[123.687,24.3105],[123.6617,24.3084],[123.6802,24.2833],[123.719,24.2783],[123.7231,24.2996],[123.75,24.2833]]],[[[123.758,24.0493],[123.803,24.0489],[123.809,24.0651],[123.7767,24.0714],[123.758,24.0493]]],[[[123,24.4406],[123.0105,24.4367],[123.0429,24.4604],[123.0127,24.4737],[122.9626,24.4726],[122.9402,24.4441],[123,24.4406]]],[[[124.1642,24.3333],[124.1812,24.3305],[124.2178,24.3544],[124.2361,24.3451],[124.2497,24.3594],[124.2581,24.4124],[124.251,24.4627],[124.2823,24.4891],[124.2838,24.5083],[124.3089,24.5319],[124.3045,24.5465],[124.3344,24.5711],[124.3381,24.605],[124.3122,24.6105],[124.2939,24.5483],[124.275,24.5047],[124.2585,24.5197],[124.2293,24.4979],[124.2229,24.4554],[124.1787,24.4487],[124.1526,24.4545],[124.1176,24.4824],[124.1156,24.445],[124.0806,24.4492],[124.0699,24.4288],[124.0852,24.4161],[124.1205,24.4345],[124.1431,24.4138],[124.1411,24.3923],[124.1115,24.3671],[124.1642,24.3333]]],[[[125.1551,24.8333],[125.1354,24.8349],[125.1382,24.8168],[125.1618,24.8025],[125.1755,24.814],[125.1551,24.8333]]],[[[125.1584,24.8333],[125.1775,24.8118],[125.2188,24.8089],[125.2122,24.8438],[125.1658,24.8649],[125.1584,24.8333]]],[[[125.2561,24.75],[125.2618,24.7347],[125.3081,24.712],[125.3724,24.729],[125.4547,24.7306],[125.4333,24.761],[125.4037,24.7661],[125.3851,24.7865],[125.3521,24.7902],[125.3314,24.8051],[125.3354,24.8222],[125.3152,24.835],[125.283,24.892],[125.2633,24.9034],[125.2953,24.8496],[125.2768,24.8334],[125.2798,24.8123],[125.2561,24.7944],[125.2852,24.7532],[125.2561,24.75]]],[[[127.9417,26.3371],[127.9743,26.3501],[127.97,26.355],[127.9675,26.3624],[127.9432,26.3556],[127.9417,26.3371]]],[[[127.9697,26.3561],[127.9769,26.3532],[127.9949,26.3647],[127.9889,26.3837],[127.9737,26.3765],[127.9691,26.3679],[127.9697,26.3561]]],[[[128,26.6559],[128.0355,26.6506],[128.0201,26.6796],[128.0002,26.6746],[128,26.6559]]],[[[127.75,26.7173],[127.7616,26.7084],[127.8278,26.71],[127.8079,26.7392],[127.7603,26.7377],[127.75,26.7173]]],[[[127.6569,26.0833],[127.6804,26.0749],[127.7256,26.0909],[127.7472,26.1183],[127.7929,26.1349],[127.8298,26.1654],[127.821,26.1917],[127.795,26.1856],[127.7905,26.1712],[127.7657,26.2047],[127.7873,26.2261],[127.798,26.2655],[127.8162,26.2774],[127.8162,26.3052],[127.8626,26.3445],[127.8992,26.3045],[127.9213,26.2949],[127.9155,26.322],[127.8729,26.362],[127.8812,26.3764],[127.8407,26.4065],[127.8539,26.4514],[127.8713,26.4576],[127.9443,26.4425],[127.9534,26.4737],[127.9911,26.4751],[127.9916,26.5043],[128.0532,26.5209],[128.0332,26.5531],[128.0729,26.5489],[128.0953,26.5346],[128.1108,26.5511],[128.1396,26.5552],[128.1482,26.5686],[128.1241,26.6021],[128.1512,26.5975],[128.1454,26.6223],[128.2392,26.6332],[128.2782,26.6752],[128.2956,26.7195],[128.3189,26.7348],[128.3265,26.7815],[128.3199,26.8116],[128.2563,26.8751],[128.2533,26.8508],[128.2235,26.789],[128.1837,26.7496],[128.1506,26.7413],[128.1561,26.7187],[128.1161,26.7018],[128.0989,26.681],[128.1232,26.6601],[128.0972,26.6622],[128.0796,26.6445],[128.0246,26.6274],[127.9838,26.6481],[127.997,26.6915],[127.9487,26.7081],[127.9038,26.699],[127.8802,26.7099],[127.8743,26.6846],[127.889,26.6725],[127.8803,26.6363],[127.8949,26.6065],[127.9207,26.6093],[127.9799,26.5883],[127.9834,26.5748],[127.9581,26.5466],[127.8836,26.5026],[127.8439,26.5039],[127.8447,26.4805],[127.8126,26.4633],[127.7991,26.4375],[127.7719,26.4446],[127.7363,26.4224],[127.725,26.44],[127.7135,26.4113],[127.7601,26.3099],[127.7571,26.2951],[127.7261,26.2735],[127.7066,26.2731],[127.681,26.2266],[127.6489,26.2167],[127.6351,26.2004],[127.6539,26.1633],[127.648,26.1453],[127.6647,26.124],[127.6569,26.0833]]],[[[127.9369,27],[127.9451,27.0191],[127.9914,27.0442],[128.0012,27.0748],[128.0204,27.095],[127.9957,27.0889],[127.9331,27.0219],[127.9369,27]]],[[[127.9278,26.9167],[127.954,26.9144],[127.9553,26.9458],[127.9382,26.9556],[127.917,26.9458],[127.9278,26.9167]]]]},"properties":{"name":"沖縄県"}}
]}